Date,T2M_Anomaly,SM_Anomaly
1981-01-01,0.619751,0.002977401
1981-01-08,-2.747406,0.0025904179
1981-01-15,1.2136841,0.018658549
1981-01-22,-1.2073975,0.0064175725
1981-01-29,-0.3005371,0.0055958927
1981-02-05,3.2445984,0.028419077
1981-02-12,-0.21566772,0.020109862
1981-02-19,1.3356628,0.014305741
1981-02-26,-0.60427856,0.0073229373
1981-03-05,2.7770996,0.010687381
1981-03-12,5.4080505,0.0090581775
1981-03-19,3.6177063,0.02260232
1981-03-26,2.4538574,-0.009413749
1981-04-02,-1.8003845,-0.012622029
1981-04-09,0.84161377,-0.00851199
1981-04-16,-1.5875549,0.00459975
1981-04-23,1.7428589,-0.007712811
1981-04-30,-0.42715454,0.004059255
1981-05-07,-2.0563354,0.033394635
1981-05-14,-1.3110962,0.018609345
1981-05-21,-2.0521545,0.0017769337
1981-05-28,0.96136475,-0.026959896
1981-06-04,2.0199585,-0.035827756
1981-06-11,0.9279785,-0.019098192
1981-06-18,-1.6093445,-0.0006184876
1981-06-25,2.644165,-0.031895295
1981-07-02,-1.4421692,-0.04632853
1981-07-09,-0.5725708,-0.011606395
1981-07-16,-1.8613892,-0.0016688257
1981-07-23,-1.7434387,-0.00095407665
1981-07-30,-0.48007202,0.014414847
1981-08-06,1.043396,-0.021201491
1981-08-13,-0.96899414,0.042467743
1981-08-20,-3.0129395,0.025560886
1981-08-27,-4.041382,0.042297915
1981-09-03,-1.941742,0.0384769
1981-09-10,-1.5157776,0.04865049
1981-09-17,0.6252136,0.03434728
1981-09-24,2.077942,0.0016433746
1981-10-01,1.9307251,0.0414719
1981-10-08,1.5170288,0.0065918565
1981-10-15,1.8569336,0.0007663667
1981-10-22,2.0466614,0.020563096
1981-10-29,1.2679138,0.0114476085
1981-11-05,-2.2286682,0.009240538
1981-11-12,-2.2016907,0.040286243
1981-11-19,1.1362305,0.026620626
1981-11-26,-1.8261719,0.020373642
1981-12-03,1.2938843,0.018119246
1981-12-10,3.9786682,0.023137689
1981-12-17,1.6010742,0.015057504
1981-12-24,2.692047,0.013880372
1981-12-31,4.9996033,0.013289779
1982-01-07,-0.44354248,0.0047278404
1982-01-14,-0.6243286,-0.003335029
1982-01-21,-1.500946,-0.008500546
1982-01-28,-0.60339355,0.0042327344
1982-02-04,-1.0758667,-0.0019749403
1982-02-11,-0.8680725,-0.003115654
1982-02-18,-0.6029968,-0.007113695
1982-02-25,2.0780945,0.016975522
1982-03-04,-0.17971802,0.0004053414
1982-03-11,0.34991455,0.0134691
1982-03-18,-1.7035828,0.02932468
1982-03-25,0.41052246,0.020649076
1982-04-01,-0.05130005,0.023080796
1982-04-08,0.44680786,-0.00044319034
1982-04-15,-1.3517761,0.02465269
1982-04-22,-3.890808,0.025966138
1982-04-29,-1.7936401,0.040043145
1982-05-06,2.574585,-0.01444152
1982-05-13,-0.63345337,-0.008413881
1982-05-20,-0.21307373,0.0011721551
1982-05-27,-0.1913147,0.033316582
1982-06-03,-0.03479004,0.011209816
1982-06-10,-0.45339966,0.015077531
1982-06-17,-0.18856812,-0.0043409467
1982-06-24,2.7645874,-0.033398047
1982-07-01,-1.2770386,-0.04632567
1982-07-08,-2.9282227,0.02052185
1982-07-15,-0.92593384,0.027946308
1982-07-22,-0.38388062,0.038565636
1982-07-29,-1.7802734,0.06336667
1982-08-05,-0.8234558,0.062136814
1982-08-12,0.7701721,0.029577672
1982-08-19,-1.504425,0.037949324
1982-08-26,-0.36950684,0.039477587
1982-09-02,0.9986572,0.01022698
1982-09-09,1.5967712,0.018090948
1982-09-16,1.8598022,-0.01480104
1982-09-23,1.802948,-0.0074424148
1982-09-30,0.09829712,0.039211184
1982-10-07,0.6782837,0.050788045
1982-10-14,0.94873047,0.042582005
1982-10-21,1.7033081,0.006314218
1982-10-28,-0.8363342,-0.018896013
1982-11-04,-2.5720215,-0.03508109
1982-11-11,1.2032166,-0.019486755
1982-11-18,0.8045349,0.025274962
1982-11-25,1.3640137,-0.012013555
1982-12-02,-0.69143677,-0.026778728
1982-12-09,5.3648376,-0.012868494
1982-12-16,5.9892273,0.00078082085
1982-12-23,3.7554016,-0.0027030706
1982-12-30,-0.65982056,-0.006255865
1983-01-06,3.1700134,-0.0042800605
1983-01-13,4.7728577,-0.0040719807
1983-01-20,0.739624,-0.0038782954
1983-01-27,4.426056,0.0050219
1983-02-03,1.0277405,0.011053711
1983-02-10,5.4887695,0.009437889
1983-02-17,-3.8501892,-0.006530136
1983-02-24,-0.8031616,-0.0011375844
1983-03-03,0.27130127,-0.0009583533
1983-03-10,0.9041748,-0.025795966
1983-03-17,3.8104553,-0.03364283
1983-03-24,3.0179138,-0.022241116
1983-03-31,1.1827393,-0.005233079
1983-04-07,3.4286804,-0.02493608
1983-04-14,-1.5407104,-0.02097097
1983-04-21,4.6231384,-0.0570347
1983-04-28,5.0970764,-0.075294495
1983-05-05,-1.0089111,-0.063251495
1983-05-12,3.9014587,-0.071774215
1983-05-19,1.3761292,-0.045192987
1983-05-26,-0.5417175,-0.018920332
1983-06-02,0.47750854,-0.016489565
1983-06-09,-1.6056213,0.016313165
1983-06-16,-3.1895142,0.063557595
1983-06-23,-1.4844055,0.038717866
1983-06-30,-0.56118774,0.07379174
1983-07-07,0.026397705,0.06994954
1983-07-14,-0.23284912,0.07145952
1983-07-21,-0.9871826,0.045520887
1983-07-28,0.4494934,0.044973657
1983-08-04,-2.72937,0.04337746
1983-08-11,-2.0028076,0.040716782
1983-08-18,-1.1373901,0.009907782
1983-08-25,-0.7492981,0.011431605
1983-09-01,-1.3742981,0.015191957
1983-09-08,0.22061157,-0.0068998784
1983-09-15,-0.05429077,0.018606693
1983-09-22,-2.0541077,0.041102916
1983-09-29,-1.4071655,0.020306915
1983-10-06,0.8276062,-0.0067029595
1983-10-13,-1.2677612,-0.009945959
1983-10-20,-2.7702332,-0.022298336
1983-10-27,-0.9612427,-0.005377859
1983-11-03,1.9172363,-0.015387714
1983-11-10,-3.2191772,-0.031038225
1983-11-17,-3.5022888,-0.01862216
1983-11-24,-0.42947388,-0.0102825165
1983-12-01,-2.9978943,0.0006040633
1983-12-08,-2.3059692,-0.0072870553
1983-12-15,1.1311951,-0.0118789375
1983-12-22,3.9315186,0.0024161637
1983-12-29,3.9353638,-0.0056006014
1984-01-05,2.7159424,0.01030153
1984-01-12,1.5659485,0.008286178
1984-01-19,3.267395,0.018164843
1984-01-26,0.79599,0.017195195
1984-02-02,4.0390015,0.021531343
1984-02-09,-0.92974854,0.019211054
1984-02-16,-0.90179443,0.005375594
1984-02-23,2.3138428,0.014981627
1984-03-01,0.4800415,0.022948444
1984-03-08,-1.3462219,0.021762222
1984-03-15,-1.9343567,0.022573918
1984-03-22,-1.2315674,0.031449974
1984-03-29,0.13348389,0.017816126
1984-04-05,-0.26849365,0.036785394
1984-04-12,0.49676514,0.02926609
1984-04-19,-2.294403,0.02443853
1984-04-26,-2.7509766,0.03506571
1984-05-03,0.66659546,0.0116481185
1984-05-10,-0.15228271,0.026866585
1984-05-17,1.1911011,0.002529323
1984-05-24,-0.9712219,-0.0078059137
1984-05-31,0.5419922,-0.008854568
1984-06-07,-1.401123,-0.018139213
1984-06-14,-2.1443481,-0.021615446
1984-06-21,-1.6661377,-0.012763172
1984-06-28,-0.29864502,-0.03975247
1984-07-05,-3.5657349,-0.028332427
1984-07-12,0.57199097,-0.037939996
1984-07-19,-1.5823059,-0.02431807
1984-07-26,-3.3920288,0.013088375
1984-08-02,0.13223267,-0.010733694
1984-08-09,-0.73965454,-0.0069583356
1984-08-16,-3.8719482,0.04489994
1984-08-23,-3.1161804,0.056714684
1984-08-30,-0.738678,0.027375668
1984-09-06,0.38446045,-0.003166601
1984-09-13,1.2966614,-0.011421308
1984-09-20,1.0134888,0.019608617
1984-09-27,0.4281006,0.0048546344
1984-10-04,4.0556946,-0.024704412
1984-10-11,0.9290161,-0.047080934
1984-10-18,0.5001526,-0.058946878
1984-10-25,2.401764,-0.07183735
1984-11-01,0.8851929,-0.06647761
1984-11-08,0.9857788,-0.07197498
1984-11-15,1.1097107,-0.010590136
1984-11-22,2.9842834,-0.0057625473
1984-11-29,-0.08224487,-0.037905127
1984-12-06,-1.1322327,-0.05559042
1984-12-13,1.228363,-0.054918706
1984-12-20,0.57940674,-0.050439686
1984-12-27,-2.3066406,-0.031998813
1985-01-03,-2.0115967,-0.019885153
1985-01-10,-5.3483276,-0.02399534
1985-01-17,-2.0502625,-0.023384988
1985-01-24,1.8063049,0.007159978
1985-01-31,-0.16488647,0.002941072
1985-02-07,0.5086975,0.011970013
1985-02-14,-7.3262634,-0.0027584732
1985-02-21,-6.9859924,-0.01849246
1985-02-28,-2.3810425,0.002141118
1985-03-07,-1.5300293,0.0032242835
1985-03-14,1.147644,0.021845907
1985-03-21,-0.9037781,0.028446019
1985-03-28,-0.76885986,0.018021703
1985-04-04,4.5637817,-0.007828027
1985-04-11,1.4685669,-0.0016996264
1985-04-18,0.30343628,0.010342121
1985-04-25,-0.5249939,0.009215832
1985-05-02,0.51486206,0.004703492
1985-05-09,3.1055908,0.011273086
1985-05-16,1.790802,0.014718324
1985-05-23,1.3553772,9.325147e-05
1985-05-30,-0.3074646,0.020566076
1985-06-06,1.2667236,-0.003521353
1985-06-13,-1.2372131,-0.022325754
1985-06-20,-3.0618286,0.009223938
1985-06-27,-1.45578,-0.0023093522
1985-07-04,-2.3572083,-0.008541048
1985-07-11,-1.8042603,0.0011700243
1985-07-18,0.31118774,-0.014931172
1985-07-25,1.9631958,-0.040983424
1985-08-01,0.52215576,-0.02247408
1985-08-08,-0.9623413,-0.004682705
1985-08-15,1.4804382,-0.05680409
1985-08-22,0.728302,-0.0488701
1985-08-29,0.29608154,0.04386857
1985-09-05,-2.7011414,0.020043924
1985-09-12,-1.7969971,0.0028535873
1985-09-19,1.7266235,-0.042990983
1985-09-26,-0.68252563,-0.04926744
1985-10-03,1.4887085,-0.07699041
1985-10-10,-1.6591187,-0.058862492
1985-10-17,-2.3876953,-0.019907445
1985-10-24,-3.5655212,-0.022801816
1985-10-31,3.02536,-0.012534529
1985-11-07,1.6596985,0.013126224
1985-11-14,0.12591553,-0.0068217814
1985-11-21,1.0184326,0.033742428
1985-11-28,1.1560364,0.023928344
1985-12-05,3.388092,-0.004201263
1985-12-12,3.7808228,-0.011896819
1985-12-19,-0.42565918,-0.024004161
1985-12-26,4.2645874,-0.009244144
1986-01-02,4.0790405,0.012747705
1986-01-09,1.0219116,0.0056848824
1986-01-16,0.6876526,0.0112220645
1986-01-23,2.3406677,0.019868344
1986-01-30,-0.5671387,0.015776157
1986-02-06,-0.13494873,0.013051331
1986-02-13,1.3104858,0.014103681
1986-02-20,1.2415161,0.028404415
1986-02-27,-4.4868774,0.012263864
1986-03-06,1.2480164,0.021858215
1986-03-13,-1.4617004,0.003359586
1986-03-20,-0.6944275,0.003480196
1986-03-27,3.2770996,-0.0019318461
1986-04-03,4.9317017,-0.036527157
1986-04-10,-0.03955078,-0.031285107
1986-04-17,1.6667786,-0.028714478
1986-04-24,3.9006348,-0.049714386
1986-05-01,0.5665283,-0.00690642
1986-05-08,-0.8322449,-0.01745838
1986-05-15,0.69421387,-0.016737789
1986-05-22,2.0189514,-0.013810068
1986-05-29,0.30233765,-0.020024091
1986-06-05,-0.3071289,0.021254271
1986-06-12,1.820221,0.04716307
1986-06-19,0.41897583,0.006116897
1986-06-26,-2.800171,0.015322149
1986-07-03,-0.44641113,0.047495544
1986-07-10,-2.3338623,0.03298253
1986-07-17,-0.9755554,0.055113077
1986-07-24,-1.9291077,0.028763473
1986-07-31,1.1636353,-0.00048293173
1986-08-07,1.4852905,0.024192363
1986-08-14,0.8335571,0.0003655553
1986-08-21,-0.50549316,-0.022292659
1986-08-28,-0.45187378,-0.039678097
1986-09-04,-0.7444763,-0.056871742
1986-09-11,3.8414001,-0.07354988
1986-09-18,-0.52459717,-0.07465637
1986-09-25,-0.8233948,-0.053038597
1986-10-02,-0.41567993,-0.068309814
1986-10-09,-0.948761,-0.08738363
1986-10-16,-1.5371704,-0.0395554
1986-10-23,-0.12817383,0.011349529
1986-10-30,0.14526367,0.013680518
1986-11-06,-1.7209167,-0.0030441284
1986-11-13,-0.234375,-0.04494399
1986-11-20,-0.020355225,-0.06933746
1986-11-27,-0.9284363,-0.07604432
1986-12-04,-0.2894287,-0.091460764
1986-12-11,-0.59313965,-0.09326416
1986-12-18,-1.9261475,-0.04736331
1986-12-25,-3.6716309,-0.040067405
1987-01-01,-0.02609253,-0.0033603013
1987-01-08,-0.7715149,-0.0043045282
1987-01-15,0.44610596,0.0056908727
1987-01-22,-2.6637573,-0.010380536
1987-01-29,-2.0993347,-0.0031699538
1987-02-05,0.9136658,-0.00574556
1987-02-12,5.362793,0.026514173
1987-02-19,2.5219727,0.013733178
1987-02-26,-4.252411,0.0019280314
1987-03-05,-10.104645,-0.004435897
1987-03-12,-6.36911,0.004684776
1987-03-19,-2.4083252,0.03546241
1987-03-26,0.32369995,0.03233075
1987-04-02,0.12698364,0.033254445
1987-04-09,-0.15078735,0.026795805
1987-04-16,0.70388794,0.005179435
1987-04-23,-1.7645874,0.011348158
1987-04-30,-1.2463989,0.018159747
1987-05-07,-2.418518,0.024651378
1987-05-14,-0.28012085,0.01452598
1987-05-21,-3.167511,0.03381306
1987-05-28,-2.572998,0.038762152
1987-06-04,1.4280701,0.010517985
1987-06-11,3.929596,-0.039382756
1987-06-18,-3.0386658,0.004339963
1987-06-25,1.4103699,0.009408146
1987-07-02,0.26882935,0.028043747
1987-07-09,-0.09777832,0.0063549727
1987-07-16,4.069702,-0.024465874
1987-07-23,2.3654175,-0.035452425
1987-07-30,-0.25091553,-0.007143721
1987-08-06,-0.08898926,-0.019480407
1987-08-13,-2.3875427,-0.011394024
1987-08-20,-1.7842102,0.007655278
1987-08-27,0.30563354,-0.03692095
1987-09-03,0.7247925,-0.05592121
1987-09-10,3.623291,-0.06277636
1987-09-17,2.6727905,-0.078412816
1987-09-24,1.918335,-0.0669253
1987-10-01,-3.0356445,0.0054396987
1987-10-08,1.1019897,0.0046513677
1987-10-15,1.0277405,0.011100203
1987-10-22,-0.5684509,-0.014003456
1987-10-29,-3.814911,-0.015059054
1987-11-05,-0.37738037,-0.014020741
1987-11-12,4.0523987,0.00032314658
1987-11-19,1.565155,0.038461298
1987-11-26,4.63501,0.026848048
1987-12-03,0.85150146,0.01569876
1987-12-10,-1.3743286,0.011046052
1987-12-17,1.8310547,0.013727725
1987-12-24,0.5059204,0.0061772764
1987-12-31,4.3312683,-0.0053836405
1988-01-07,4.8059998,-0.0039566755
1988-01-14,0.59265137,-0.01252538
1988-01-21,1.9794617,-0.0077060163
1988-01-28,1.9716187,0.007903755
1988-02-04,5.226288,0.015574545
1988-02-11,2.2257996,0.00082316995
1988-02-18,-0.7307434,-0.012009472
1988-02-25,0.43411255,0.020370036
1988-03-03,-0.47009277,0.018879175
1988-03-10,0.4979248,0.029479533
1988-03-17,-0.1713562,0.026240021
1988-03-24,-0.8461304,0.040275782
1988-03-31,0.8824768,0.026049584
1988-04-07,1.9519348,-0.009447336
1988-04-14,-4.262787,0.0126571655
1988-04-21,0.08364868,0.013162136
1988-04-28,-1.2210388,0.006552428
1988-05-05,1.7502136,-0.022058547
1988-05-12,-1.2532043,-0.013119131
1988-05-19,-0.73147583,0.004125595
1988-05-26,-0.171875,0.018835813
1988-06-02,-0.07644653,0.026158154
1988-06-09,1.1923828,-0.00011509657
1988-06-16,-1.3951416,-0.00274238
1988-06-23,-0.5621338,0.011208415
1988-06-30,4.4630737,-0.017882109
1988-07-07,1.6556091,-0.041769326
1988-07-14,0.52948,-0.024852484
1988-07-21,1.7107544,-0.036741436
1988-07-28,2.0650024,-0.027402207
1988-08-04,0.87387085,-0.05005257
1988-08-11,3.2446594,-0.06694506
1988-08-18,0.9057617,-0.028892398
1988-08-25,-0.4390869,-0.034351617
1988-09-01,1.0610962,-0.031052977
1988-09-08,-1.7758484,-0.005696103
1988-09-15,-0.418396,0.0150190145
1988-09-22,0.95928955,0.014813557
1988-09-29,0.030181885,-0.0144889355
1988-10-06,0.36480713,0.01234296
1988-10-13,-0.24517822,-0.03634292
1988-10-20,-1.3076477,-0.023000777
1988-10-27,-4.4065857,-0.0067234933
1988-11-03,-5.0090027,0.017231941
1988-11-10,-4.7535095,0.009403706
1988-11-17,-2.9502563,0.017169505
1988-11-24,-3.111206,0.022064745
1988-12-01,2.725647,0.042583436
1988-12-08,0.24801636,0.02219963
1988-12-15,-4.518799,-0.0016584098
1988-12-22,-0.24963379,0.008305043
1988-12-29,-0.65826416,-0.004712105
1989-01-05,0.49505615,-0.009401351
1989-01-12,1.2121887,-0.0105804205
1989-01-19,-0.15661621,-0.02072835
1989-01-26,-0.12808228,-0.029218435
1989-02-02,1.4715881,-0.037487805
1989-02-09,1.1807861,-0.040834427
1989-02-16,3.268219,-0.037883192
1989-02-23,5.258026,-0.031648487
1989-03-02,2.6817017,0.0038680434
1989-03-09,2.0084534,-6.9618225e-05
1989-03-16,4.1479797,-0.02423343
1989-03-23,0.82785034,-0.013391852
1989-03-30,4.944519,-0.046259135
1989-04-06,4.156616,-0.07228446
1989-04-13,1.8756104,-0.024870664
1989-04-20,2.336792,-0.03268087
1989-04-27,-0.3390808,-0.024659544
1989-05-04,-2.6157532,0.025550365
1989-05-11,1.6280518,-0.010389358
1989-05-18,-1.3077698,0.008462995
1989-05-25,-2.8771057,0.007098466
1989-06-01,-0.17507935,0.022383869
1989-06-08,-2.381958,0.015286684
1989-06-15,-3.931366,0.0516994
1989-06-22,-0.5722656,0.04184842
1989-06-29,0.41409302,0.035023063
1989-07-06,1.0302429,0.005777031
1989-07-13,-1.6788635,0.009331226
1989-07-20,-2.0524292,-0.0067884177
1989-07-27,-1.798645,0.025195435
1989-08-03,-1.5169373,0.012773752
1989-08-10,0.57196045,0.019473404
1989-08-17,2.3236694,-0.02256219
1989-08-24,0.24890137,-0.0022726953
1989-08-31,-2.4757996,0.055779517
1989-09-07,-1.0462036,0.043731168
1989-09-14,-0.55111694,0.034270182
1989-09-21,0.6468811,-0.011125937
1989-09-28,-2.445465,0.04976788
1989-10-05,-1.9787598,0.06641558
1989-10-12,-1.809906,0.07496449
1989-10-19,0.4232788,0.035359025
1989-10-26,4.0303955,-0.0065368414
1989-11-02,4.569763,-0.010773063
1989-11-09,0.23779297,0.04110703
1989-11-16,-2.8944702,0.0055223703
1989-11-23,-2.7733765,0.0166668
1989-11-30,-5.676178,-0.006113261
1989-12-07,-3.9353638,-0.0075944364
1989-12-14,5.098053,-0.010674328
1989-12-21,2.20047,-0.020146728
1989-12-28,-1.2612915,-0.007402003
1990-01-04,-6.056122,-0.023450702
1990-01-11,-2.2303467,-0.022626966
1990-01-18,0.7006531,-0.0043911636
1990-01-25,3.7979126,-0.007855862
1990-02-01,3.6496277,-0.023810655
1990-02-08,1.9171448,-0.017866582
1990-02-15,3.3765259,-0.005903214
1990-02-22,4.355774,-0.035745442
1990-03-01,1.5927124,-0.027229756
1990-03-08,5.1708984,-0.053363413
1990-03-15,1.6150208,-0.07944372
1990-03-22,4.2182007,-0.09454489
1990-03-29,2.2619019,-0.06180522
1990-04-05,1.2332458,-0.04884079
1990-04-12,-0.32629395,-0.01090309
1990-04-19,1.4942627,0.003406465
1990-04-26,-2.385437,-0.0025272667
1990-05-03,-0.85717773,-0.013903677
1990-05-10,0.3574524,-0.022371978
1990-05-17,-0.023468018,-0.024847567
1990-05-24,-0.29800415,-0.014655411
1990-05-31,-2.9092102,0.01414901
1990-06-07,1.0227661,-0.016412824
1990-06-14,-1.6976929,0.01284793
1990-06-21,1.1927795,-0.027332366
1990-06-28,3.4320374,-0.07134877
1990-07-05,-1.4664307,-0.041285485
1990-07-12,-0.45983887,-0.03674051
1990-07-19,-0.3083496,-0.021810263
1990-07-26,0.3514099,-0.026584744
1990-08-02,0.026550293,-0.034662098
1990-08-09,-1.2783508,5.0202012e-05
1990-08-16,0.45770264,-0.029959127
1990-08-23,-0.49490356,-0.023385555
1990-08-30,0.019897461,-0.04722455
1990-09-06,-2.2553406,-0.009104922
1990-09-13,-4.0864563,0.0029595494
1990-09-20,1.2327576,-0.023712933
1990-09-27,-0.3284607,-0.015287116
1990-10-04,1.3267517,-0.032063678
1990-10-11,0.54599,-0.0511591
1990-10-18,-1.669342,-0.044556186
1990-10-25,1.5870361,-0.0030747354
1990-11-01,3.9390259,0.0026453733
1990-11-08,-2.921173,-0.0145832
1990-11-15,2.774475,-0.030885965
1990-11-22,5.280365,-0.048470348
1990-11-29,0.092803955,-0.003668934
1990-12-06,1.6009827,0.020448416
1990-12-13,0.8119507,0.028046697
1990-12-20,-1.8681335,0.011908561
1990-12-27,1.0195618,0.009223878
1991-01-03,4.779358,0.008533537
1991-01-10,2.3473206,-0.0053439736
1991-01-17,-4.635437,-0.015100837
1991-01-24,-1.8350525,-0.018646449
1991-01-31,-7.6482544,-0.022928238
1991-02-07,1.2503052,0.0043163598
1991-02-14,-1.4328308,0.006623119
1991-02-21,-0.0184021,0.015248954
1991-02-28,-0.032440186,0.0026941001
1991-03-07,0.9970093,-0.0010758936
1991-03-14,0.5427551,0.0072363913
1991-03-21,2.5986023,-0.012561202
1991-03-28,-2.1462097,0.015975386
1991-04-04,0.5706787,0.013646126
1991-04-11,-0.0068969727,0.011454761
1991-04-18,-1.1625061,0.021926135
1991-04-25,-2.402008,0.036550343
1991-05-02,0.1862793,0.02058521
1991-05-09,-2.1574097,0.04024291
1991-05-16,-3.6688538,0.05901882
1991-05-23,-6.205963,0.071329236
1991-05-30,-2.0326843,0.052490264
1991-06-06,-0.3555603,0.051653117
1991-06-13,2.5276184,0.0056323707
1991-06-20,0.9436035,-0.0062771738
1991-06-27,-1.7612,0.00794673
1991-07-04,-1.0734253,0.082909256
1991-07-11,1.4968262,0.04618673
1991-07-18,0.050933838,0.041282058
1991-07-25,-1.2351685,0.057824
1991-08-01,-0.7732239,0.08399913
1991-08-08,1.111145,0.058963418
1991-08-15,-1.732666,0.06497878
1991-08-22,-1.7807007,0.02369973
1991-08-29,-2.745758,0.03012757
1991-09-05,-2.9152222,0.0045634955
1991-09-12,-0.13076782,-0.02205263
1991-09-19,-0.045806885,0.0011728257
1991-09-26,4.655304,-0.0048741847
1991-10-03,-0.4560547,0.024195611
1991-10-10,2.636963,-0.0026980937
1991-10-17,1.5953369,0.013477504
1991-10-24,-5.043396,0.025822371
1991-10-31,-3.2513733,0.014459193
1991-11-07,0.46102905,0.03033775
1991-11-14,1.7431641,0.02265516
1991-11-21,3.6131287,0.021254629
1991-11-28,-0.85357666,0.0053935647
1991-12-05,-6.368469,-0.010139167
1991-12-12,-4.9744263,-0.02078104
1991-12-19,-1.1603088,0.00832656
1991-12-26,-4.1089478,-0.011069387
1992-01-02,1.8238525,-0.002185315
1992-01-09,1.6353455,-0.0041457713
1992-01-16,-0.7809143,-0.018075287
1992-01-23,-3.039917,-0.017785639
1992-01-30,-1.5319214,-0.0218333
1992-02-06,1.17276,-0.012454569
1992-02-13,2.0631104,-0.012356669
1992-02-20,-4.0987854,-0.017191678
1992-02-27,1.8844604,-0.019519538
1992-03-05,-0.15078735,-0.03924325
1992-03-12,-1.6716003,-0.031645328
1992-03-19,-2.3746948,-0.0044238567
1992-03-26,0.7312927,0.0061963797
1992-04-02,2.626068,-0.00823006
1992-04-09,-1.7421265,0.017367363
1992-04-16,-1.4153442,0.023867875
1992-04-23,1.6357727,0.0064837933
1992-04-30,0.5453186,-0.038706183
1992-05-07,0.40246582,-0.054029405
1992-05-14,-2.70224,-0.025716841
1992-05-21,-2.6473389,0.0055810213
1992-05-28,-0.37850952,0.005648911
1992-06-04,-0.68499756,0.013554931
1992-06-11,-0.8129883,0.031074554
1992-06-18,0.9605713,0.06753448
1992-06-25,-2.3519897,0.05793643
1992-07-02,-0.8741455,0.042326927
1992-07-09,-1.8756409,0.03218746
1992-07-16,-1.4191895,0.025672927
1992-07-23,0.22293091,0.026546791
1992-07-30,0.6463623,-0.00962925
1992-08-06,2.297699,-0.034217224
1992-08-13,1.896698,-0.046468437
1992-08-20,3.144806,-0.051820874
1992-08-27,3.4718628,-0.05989112
1992-09-03,-1.7857056,-0.035653353
1992-09-10,-0.2319336,-0.044553354
1992-09-17,-0.33517456,-0.06456831
1992-09-24,-1.0978699,-0.05982904
1992-10-01,1.8277283,-0.023929596
1992-10-08,0.16043091,-0.013990015
1992-10-15,1.0922241,0.0068765283
1992-10-22,1.3867798,0.011761963
1992-10-29,5.4119873,-0.021393627
1992-11-05,1.2347107,-0.05742973
1992-11-12,0.05239868,0.0019329488
1992-11-19,0.2955017,0.01959297
1992-11-26,0.0897522,-0.0070937276
1992-12-03,1.6789246,-0.010457486
1992-12-10,0.24960327,0.013539493
1992-12-17,-2.7196045,-0.0124318
1992-12-24,-6.6039124,-0.029880375
1992-12-31,-5.8273926,-0.027749002
1993-01-07,-1.7996826,-0.01858303
1993-01-14,1.9534302,-0.008499056
1993-01-21,3.7058105,-0.024130642
1993-01-28,-2.1684265,-0.028333485
1993-02-04,0.8493347,-0.028278112
1993-02-11,-3.2879944,-0.044757128
1993-02-18,-3.483673,-0.024065822
1993-02-25,-3.8730774,-0.0032767951
1993-03-04,-5.6127625,0.0016980171
1993-03-11,-3.1567688,0.02123952
1993-03-18,2.5523682,0.0030946434
1993-03-25,-2.7450256,0.019652545
1993-04-01,-1.3227539,0.020495832
1993-04-08,0.13156128,0.009020239
1993-04-15,-0.0012207031,0.007021427
1993-04-22,0.5817871,-0.031691343
1993-04-29,-0.2303772,-0.026342511
1993-05-06,-1.5396118,0.023274213
1993-05-13,-0.22503662,0.03189197
1993-05-20,0.9953308,0.028897256
1993-05-27,3.0161743,-0.012920469
1993-06-03,1.4576416,-0.018979847
1993-06-10,0.96395874,-0.03518361
1993-06-17,0.5000305,-0.02079174
1993-06-24,-1.1173401,-0.058525994
1993-07-01,0.018127441,-0.050657824
1993-07-08,-2.8934937,-0.033496782
1993-07-15,0.9062195,-0.046524137
1993-07-22,-0.93203735,-0.028646573
1993-07-29,2.112915,-0.05349274
1993-08-05,0.2859497,-0.042710572
1993-08-12,0.14767456,-0.01829943
1993-08-19,1.6696777,-0.053251177
1993-08-26,-0.71698,-0.019038454
1993-09-02,-3.560608,0.015513599
1993-09-09,1.4440918,0.008853972
1993-09-16,0.3430786,-0.022844315
1993-09-23,0.44244385,-0.05543329
1993-09-30,-1.2079468,0.0038184226
1993-10-07,3.3236084,-0.010199785
1993-10-14,4.1009827,-0.057087883
1993-10-21,3.6043396,-0.07496965
1993-10-28,-1.6147461,-0.0773782
1993-11-04,4.5812683,-0.043412417
1993-11-11,-5.8189087,-0.011395335
1993-11-18,-5.308563,0.0032019317
1993-11-25,-5.628601,-0.0033380091
1993-12-02,-1.562561,-0.0006173551
1993-12-09,1.0297852,0.013429254
1993-12-16,3.908844,0.016127229
1993-12-23,2.7059326,0.012389541
1993-12-30,2.2999878,0.004107088
1994-01-06,4.8272705,0.004837513
1994-01-13,2.9321594,0.0032329857
1994-01-20,1.3412781,0.007425666
1994-01-27,1.5458679,0.0047284663
1994-02-03,4.2551575,-0.0021069646
1994-02-10,-3.8891602,-0.013638616
1994-02-17,-0.5922241,3.1590462e-06
1994-02-24,4.078949,-0.0012691915
1994-03-03,2.370575,-0.011870742
1994-03-10,1.774353,-0.022550374
1994-03-17,0.7698364,-0.030973285
1994-03-24,0.52020264,-0.02347976
1994-03-31,1.3753357,-0.023865074
1994-04-07,0.6838379,0.010919243
1994-04-14,2.7539673,-0.019114166
1994-04-21,0.7442932,-3.9339066e-06
1994-04-28,-0.66760254,0.0034983456
1994-05-05,-3.4483643,0.023687601
1994-05-12,2.317871,0.0050657988
1994-05-19,3.7043762,-0.04042688
1994-05-26,1.4615173,-0.061748788
1994-06-02,-0.7457886,-0.047707528
1994-06-09,-1.5094604,-0.004599035
1994-06-16,0.2623291,0.0046293437
1994-06-23,2.7092896,-0.03438075
1994-06-30,2.217804,-0.022916302
1994-07-07,-1.2818604,0.029511124
1994-07-14,0.5075073,0.048675746
1994-07-21,0.90042114,0.030290812
1994-07-28,0.78256226,-0.0012599528
1994-08-04,1.4035034,-0.00017908216
1994-08-11,2.1923218,-0.039003894
1994-08-18,1.0653992,-0.04211822
1994-08-25,0.8508606,0.0053153485
1994-09-01,2.7092896,-0.03175755
1994-09-08,3.5971375,-0.057172462
1994-09-15,2.3368835,-0.03789307
1994-09-22,3.980896,-0.029546246
1994-09-29,4.3198547,-0.045230433
1994-10-06,-2.0412903,0.0252586
1994-10-13,-2.1322021,-0.003963053
1994-10-20,0.72036743,0.035281032
1994-10-27,4.2518616,0.016486257
1994-11-03,0.52508545,-0.018042028
1994-11-10,-0.25045776,0.012639403
1994-11-17,-0.26870728,-0.0046471953
1994-11-24,-1.1158142,-0.025041789
1994-12-01,-2.5545654,-0.035538256
1994-12-08,1.8501892,-0.025900513
1994-12-15,-3.1672058,-0.031072915
1994-12-22,0.36099243,0.0008343458
1994-12-29,3.522461,0.021414489
1995-01-05,-1.500824,0.008622259
1995-01-12,-5.174286,-0.0050806105
1995-01-19,-1.8087158,-0.002921909
1995-01-26,2.9781494,0.027312875
1995-02-02,1.0290833,0.009211779
1995-02-09,4.2592773,0.002162546
1995-02-16,3.83313,-0.0034484565
1995-02-23,5.3423157,-0.011482239
1995-03-02,4.671417,-0.008420199
1995-03-09,-2.0230103,0.0017822385
1995-03-16,-1.1688538,0.00998953
1995-03-23,-2.282257,0.0076719224
1995-03-30,-1.730072,0.023269594
1995-04-06,-1.8045349,0.0030136406
1995-04-13,-2.085083,0.018826842
1995-04-20,2.2664185,-0.008852959
1995-04-27,-0.44665527,0.0041278303
1995-05-04,-1.9526062,0.013091117
1995-05-11,-1.1174316,0.009148359
1995-05-18,-2.1039429,0.028835684
1995-05-25,2.6602478,-0.0009941757
1995-06-01,1.0675354,-0.020390779
1995-06-08,0.8914795,0.0013178587
1995-06-15,1.0635376,0.0067379475
1995-06-22,0.38198853,0.0005095601
1995-06-29,0.7204895,0.007969379
1995-07-06,-0.5015869,0.032425255
1995-07-13,0.60928345,0.04485342
1995-07-20,1.6240845,0.019565523
1995-07-27,0.0018615723,0.010134295
1995-08-03,-0.44314575,0.018774107
1995-08-10,-1.3025818,0.013865024
1995-08-17,-0.105651855,0.029866144
1995-08-24,-0.7173157,0.04429312
1995-08-31,-3.1755066,0.073853105
1995-09-07,-0.7307129,0.06429663
1995-09-14,0.070495605,0.027758673
1995-09-21,-1.6273804,0.056048006
1995-09-28,-3.2981262,0.06529847
1995-10-05,0.07537842,0.005869031
1995-10-12,0.7123108,-0.024995
1995-10-19,-0.9637451,-0.043847114
1995-10-26,0.31292725,-0.025669724
1995-11-02,-4.1437683,0.009346545
1995-11-09,-4.1718445,0.02335602
1995-11-16,-1.3327637,0.03752193
1995-11-23,-3.9378357,0.015702754
1995-11-30,-0.42178345,0.029569477
1995-12-07,-3.7565613,0.007352501
1995-12-14,-0.8322754,0.015380919
1995-12-21,4.4045715,0.024452478
1995-12-28,1.4555664,0.034401447
1996-01-04,-0.67593384,0.018667936
1996-01-11,-1.2965698,0.0046942234
1996-01-18,-3.7662659,-0.007321447
1996-01-25,-0.1387024,0.010315776
1996-02-01,-2.8771057,0.011208653
1996-02-08,-2.9019775,0.006882757
1996-02-15,0.32321167,0.018366873
1996-02-22,-3.0831604,0.020941556
1996-02-29,-6.056946,0.008831114
1996-03-07,-6.255493,0.007333517
1996-03-14,-4.5595093,0.029211938
1996-03-21,-3.569275,0.025002688
1996-03-28,-1.7867737,0.03981471
1996-04-04,-0.25860596,0.021601528
1996-04-11,-3.9673157,0.029150695
1996-04-18,-1.1298523,0.033073068
1996-04-25,2.681549,-0.0066514313
1996-05-02,2.28479,-0.008504242
1996-05-09,1.4787598,0.01179871
1996-05-16,3.3421326,0.014361411
1996-05-23,-0.18591309,-0.008411378
1996-05-30,1.4667664,0.016969651
1996-06-06,3.8345337,-0.035782784
1996-06-13,-1.1071167,-0.013499916
1996-06-20,1.8643799,-0.051055506
1996-06-27,-0.7955322,-0.028376877
1996-07-04,2.1312256,-0.050178275
1996-07-11,-1.1026306,-0.026346877
1996-07-18,-2.7934265,-0.017663077
1996-07-25,0.22390747,-0.0349932
1996-08-01,1.2536316,-0.024254039
1996-08-08,-0.81954956,-0.009296328
1996-08-15,-0.97720337,0.02485323
1996-08-22,0.49816895,0.026240364
1996-08-29,-0.28289795,0.041057184
1996-09-05,-4.865448,0.088961005
1996-09-12,-3.163086,0.073168695
1996-09-19,-1.4277039,0.083138525
1996-09-26,-2.5089722,0.091021866
1996-10-03,0.004180908,0.043504685
1996-10-10,-0.74594116,0.04718542
1996-10-17,0.8598633,0.04579264
1996-10-24,-1.1355591,0.032152474
1996-10-31,1.1869507,0.002495557
1996-11-07,0.964447,-0.034266442
1996-11-14,3.1998901,-0.049683362
1996-11-21,1.5604248,0.02604258
1996-11-28,1.4417725,0.05662155
1996-12-05,-0.040649414,0.02125445
1996-12-12,1.5137024,0.017439961
1996-12-19,2.61615,0.012605011
1996-12-26,-4.313751,0.016133785
1997-01-02,1.1827698,0.018492669
1997-01-09,0.22906494,0.019747198
1997-01-16,0.23272705,0.012538195
1997-01-23,-0.51452637,0.0015807152
1997-01-30,-2.193634,-0.013980776
1997-02-06,0.8088989,-0.012177527
1997-02-13,1.3521118,-0.006545365
1997-02-20,2.1023254,-0.008868486
1997-02-27,2.2622375,-0.0022901595
1997-03-06,-0.6157532,-0.013592571
1997-03-13,-1.1533508,-0.017699987
1997-03-20,-5.2318115,0.014471859
1997-03-27,-2.7511292,0.024752349
1997-04-03,-4.7911377,0.03094834
1997-04-10,-4.539917,0.02649644
1997-04-17,-4.094391,0.039424777
1997-04-24,-2.9017944,0.028395385
1997-05-01,0.8883667,0.019517332
1997-05-08,2.2485352,-0.01891309
1997-05-15,3.6551208,-0.057743788
1997-05-22,-1.1887512,-0.042133093
1997-05-29,-3.9785156,0.009470105
1997-06-05,-0.4112854,0.020041049
1997-06-12,2.6191406,-0.005689591
1997-06-19,2.3650513,-0.021697223
1997-06-26,1.1434326,-0.01899238
1997-07-03,0.71643066,-0.029650137
1997-07-10,-1.8516846,0.0109947175
1997-07-17,-0.8339844,0.005940661
1997-07-24,-0.82647705,0.033824295
1997-07-31,-1.3687134,0.071067214
1997-08-07,-1.5595093,0.080500096
1997-08-14,-0.9135132,0.06652628
1997-08-21,-2.1843262,0.041053057
1997-08-28,-0.50808716,0.06038721
1997-09-04,-1.1512146,0.025482893
1997-09-11,-1.6083374,0.003157556
1997-09-18,-2.620636,6.9990754e-05
1997-09-25,-2.2806396,-0.030818433
1997-10-02,-0.82089233,-0.00980112
1997-10-09,0.76016235,0.019705176
1997-10-16,-3.3564453,0.045770288
1997-10-23,-3.5871277,0.047822326
1997-10-30,-4.5188293,0.03323868
1997-11-06,2.5838623,0.00885269
1997-11-13,0.7882385,0.027062804
1997-11-20,-0.46697998,0.043415725
1997-11-27,2.8596191,0.039564878
1997-12-04,-1.8840027,0.032515585
1997-12-11,-1.9923706,0.03617245
1997-12-18,-1.3417358,0.028212577
1997-12-25,3.6005554,0.027235925
1998-01-01,2.7602844,0.012060553
1998-01-08,2.7859192,-0.0031551719
1998-01-15,3.3840027,0.0015176535
1998-01-22,-2.5221252,0.019993424
1998-01-29,-2.5759583,0.0067726374
1998-02-05,-1.4497375,0.005657375
1998-02-12,4.847473,0.011174321
1998-02-19,3.9281616,-0.014543176
1998-02-26,2.9558716,-0.028209865
1998-03-05,1.0583801,-0.025453836
1998-03-12,-5.242218,0.002800405
1998-03-19,-5.8902893,0.008152723
1998-03-26,-3.7209778,0.012001216
1998-04-02,4.977417,-0.026839137
1998-04-09,3.609436,-0.02251175
1998-04-16,-0.32202148,-0.02570504
1998-04-23,-0.80236816,-0.009943515
1998-04-30,-0.13949585,0.010806352
1998-05-07,0.9650879,0.010248184
1998-05-14,-2.6027527,0.03577757
1998-05-21,-1.5803223,0.049591035
1998-05-28,1.1217041,0.0340932
1998-06-04,3.1556091,-0.0014354885
1998-06-11,0.117614746,0.022486925
1998-06-18,-0.2738037,-0.0041365325
1998-06-25,1.873352,-0.016025797
1998-07-02,0.0009460449,-0.015029177
1998-07-09,-1.0221863,-0.0075486004
1998-07-16,0.47439575,-0.0036540627
1998-07-23,3.1228333,-0.047933057
1998-07-30,3.9998474,-0.04891321
1998-08-06,2.0149536,-0.04986255
1998-08-13,1.6670532,-0.06329334
1998-08-20,0.59539795,-0.031060472
1998-08-27,-2.079712,-0.0067207813
1998-09-03,-1.776825,0.020111293
1998-09-10,-0.64434814,0.041840464
1998-09-17,-2.6116028,0.09053016
1998-09-24,0.4376526,0.064114064
1998-10-01,0.8089905,0.06655854
1998-10-08,1.5296631,0.05705431
1998-10-15,1.2677002,0.06112632
1998-10-22,0.5748596,0.04237634
1998-10-29,1.7008667,0.024596512
1998-11-05,-0.58599854,0.009024292
1998-11-12,-1.1223755,0.040369242
1998-11-19,-4.0865784,0.03676498
1998-11-26,-2.6265564,0.043044955
1998-12-03,-4.6825867,0.029759794
1998-12-10,-4.1069946,0.024596483
1998-12-17,-2.3734436,0.02019468
1998-12-24,-6.2618103,0.0067497194
1998-12-31,-0.7718506,0.013285279
1999-01-07,2.5498352,0.017674804
1999-01-14,0.6380615,0.015244156
1999-01-21,-1.1034851,-0.004842758
1999-01-28,-3.6383057,0.0029172301
1999-02-04,0.23797607,0.015284568
1999-02-11,-1.338562,0.016828805
1999-02-18,-0.23901367,0.015690684
1999-02-25,1.9387817,0.0067119896
1999-03-04,2.7751465,0.002454102
1999-03-11,-0.93533325,-0.011298537
1999-03-18,-3.4645996,0.02003938
1999-03-25,0.311615,0.023720741
1999-04-01,1.18219,0.023076415
1999-04-08,2.225586,0.015592933
1999-04-15,-0.089019775,0.013466835
1999-04-22,-0.23553467,0.024748921
1999-04-29,2.346466,0.0050444007
1999-05-06,-1.56427,0.020035148
1999-05-13,0.42041016,0.0135733485
1999-05-20,-0.559845,0.017499983
1999-05-27,1.9603271,-0.0015836954
1999-06-03,2.452362,-0.01609376
1999-06-10,2.9258423,-0.012726903
1999-06-17,-0.30996704,0.0219011
1999-06-24,-1.164093,0.02328384
1999-07-01,1.3671265,0.039815903
1999-07-08,1.8922119,0.014372498
1999-07-15,-0.17712402,0.012977704
1999-07-22,0.56243896,-0.003870353
1999-07-29,-1.4953003,0.07046422
1999-08-05,2.7363281,0.019737735
1999-08-12,1.5037842,0.013134539
1999-08-19,1.4882812,-0.0071713775
1999-08-26,-1.1690674,0.012528926
1999-09-02,-2.6064758,0.09707147
1999-09-09,-0.20776367,0.07398653
1999-09-16,1.2035828,0.028176278
1999-09-23,3.5006714,-0.018557876
1999-09-30,3.1850586,-0.033606634
1999-10-07,-0.9447632,-0.014042139
1999-10-14,-1.7528687,-0.010920972
1999-10-21,2.078308,0.036595315
1999-10-28,2.1436157,-0.013135672
1999-11-04,-0.19708252,-0.015304595
1999-11-11,-0.2918396,0.008781493
1999-11-18,0.5428467,0.043286264
1999-11-25,-3.72052,0.018310964
1999-12-02,-0.19610596,-0.00029549003
1999-12-09,2.0413513,0.013076723
1999-12-16,1.292511,0.0118122995
1999-12-23,-0.61517334,0.020412028
1999-12-30,-2.9594421,0.01243934
2000-01-06,-4.1254272,-0.007193893
2000-01-13,-3.0838013,-0.010998875
2000-01-20,-5.319214,-0.008141905
2000-01-27,0.03869629,-0.0023492277
2000-02-03,2.7158508,0.007320076
2000-02-10,1.4850769,0.00917998
2000-02-17,-0.9734192,0.01628822
2000-02-24,-1.9742126,0.0026084185
2000-03-02,-1.3874207,0.011249423
2000-03-09,0.28964233,0.001985848
2000-03-16,-5.550232,0.011381656
2000-03-23,1.2106018,0.0044799447
2000-03-30,3.690216,-0.017420232
2000-04-06,-0.85253906,-0.01536116
2000-04-13,4.158081,-0.043484718
2000-04-20,2.2474976,0.00489074
2000-04-27,0.8117676,0.018143386
2000-05-04,0.63949585,-0.012712777
2000-05-11,2.2205505,-0.025913596
2000-05-18,0.6467285,-0.041829288
2000-05-25,1.4186707,-0.061403766
2000-06-01,1.2156982,-0.053016946
2000-06-08,3.0341797,-0.07524632
2000-06-15,-0.5625305,-0.07471441
2000-06-22,1.0325928,-0.08165048
2000-06-29,1.914856,-0.06851357
2000-07-06,2.8096313,-0.098879725
2000-07-13,-2.3780518,-0.019224226
2000-07-20,0.08673096,-0.024647355
2000-07-27,0.5225525,-0.05048853
2000-08-03,1.4684143,-0.057180762
2000-08-10,1.7755127,-0.052610368
2000-08-17,4.223694,-0.06733221
2000-08-24,-0.03491211,-0.059399188
2000-08-31,-1.0920105,-0.016659513
2000-09-07,-1.1801758,0.0021149218
2000-09-14,1.7206421,-0.02602753
2000-09-21,-1.7085266,0.0076155216
2000-09-28,0.42819214,-0.02933532
2000-10-05,-0.17648315,0.007304877
2000-10-12,3.0849,-0.020027757
2000-10-19,-1.8723145,-0.043471217
2000-10-26,0.99539185,-0.067824885
2000-11-02,3.3978882,-0.06247422
2000-11-09,3.2064514,-0.06942177
2000-11-16,2.5434265,-0.08587089
2000-11-23,1.882904,-0.05126983
2000-11-30,-1.2214355,-0.048769355
2000-12-07,1.2015991,-0.05548379
2000-12-14,1.5747986,-0.056907564
2000-12-21,-0.44692993,-0.055603117
2000-12-28,3.8372192,-0.015368879
2001-01-04,3.390808,-0.024475396
2001-01-11,-0.23919678,-0.027826756
2001-01-18,-1.0725098,-0.030363977
2001-01-25,4.067047,-0.0056480765
2001-02-01,1.2388306,-0.003922522
2001-02-08,4.010895,-0.023950577
2001-02-15,-0.055908203,-0.034867764
2001-02-22,-0.46325684,-0.023746133
2001-03-01,2.7588196,0.0020512342
2001-03-08,2.7130432,-0.018325418
2001-03-15,3.9447021,-0.030717313
2001-03-22,4.2708435,-0.025424182
2001-03-29,-1.7648621,-0.023020804
2001-04-05,1.368866,-0.013516247
2001-04-12,-2.9475403,0.03061238
2001-04-19,-0.7239075,0.037826598
2001-04-26,1.3903809,0.0051107407
2001-05-03,1.2743835,0.0027083457
2001-05-10,-2.2693787,0.031617492
2001-05-17,1.0477295,0.0048678815
2001-05-24,0.6975708,0.0008736551
2001-05-31,-1.6026917,-0.000443846
2001-06-07,1.1445618,-0.029942304
2001-06-14,-0.80667114,-0.004057318
2001-06-21,-1.6576538,0.027699113
2001-06-28,-1.0888977,0.018903822
2001-07-05,1.249939,0.010805666
2001-07-12,3.0414124,-0.027556062
2001-07-19,-0.4607849,-0.012049049
2001-07-26,1.3173523,-0.007455677
2001-08-02,2.9541016,-0.030192584
2001-08-09,1.5414429,-0.023032844
2001-08-16,1.9407959,-0.040759712
2001-08-23,1.2372131,0.009629533
2001-08-30,-0.76361084,-0.0041849017
2001-09-06,-2.3735657,0.059789866
2001-09-13,-0.39285278,0.029404223
2001-09-20,2.2951965,0.008294314
2001-09-27,0.15722656,0.018741876
2001-10-04,3.0801392,-0.018519327
2001-10-11,2.8476257,-0.05309494
2001-10-18,2.4161072,-0.07151233
2001-10-25,-0.89953613,-0.066283375
2001-11-01,-2.2652893,-0.05748585
2001-11-08,2.8292847,-0.03833559
2001-11-15,-2.8658142,-0.018838197
2001-11-22,-3.6297607,-0.012210399
2001-11-29,-4.1071167,0.007047832
2001-12-06,-7.5924683,-0.016328186
2001-12-13,-8.231689,-0.034497797
2001-12-20,-3.9456482,-0.030247599
2001-12-27,-2.8536682,-0.018078536
2002-01-03,-6.4055176,-0.031166822
2002-01-10,-3.7920532,-0.03412497
2002-01-17,0.3062744,-0.011963993
2002-01-24,3.9097595,0.008749247
2002-01-31,3.4629211,-0.009509414
2002-02-07,4.959961,-0.024441093
2002-02-14,3.337677,-0.036041975
2002-02-21,2.2612915,-0.023873985
2002-02-28,5.324524,-0.043537766
2002-03-07,2.8019104,-0.039721042
2002-03-14,1.6283569,-0.036003828
2002-03-21,-1.6971436,-0.00027224422
2002-03-28,-1.2771606,-0.014288455
2002-04-04,-3.25531,-0.0047688186
2002-04-11,0.04360962,0.013065994
2002-04-18,-0.22454834,0.00916332
2002-04-25,-0.7163086,0.0046675205
2002-05-02,1.9562073,-0.028837979
2002-05-09,0.9010925,-0.040705442
2002-05-16,0.9963074,-0.03421983
2002-05-23,0.7440491,-0.031613648
2002-05-30,-1.7064209,0.008962482
2002-06-06,0.5788574,0.0022396743
2002-06-13,3.2013245,-0.018951863
2002-06-20,2.982666,-0.05338429
2002-06-27,0.30911255,-0.018152177
2002-07-04,2.2668152,-0.03303355
2002-07-11,3.9541016,-0.035030767
2002-07-18,0.09112549,0.008766025
2002-07-25,-2.2128296,0.07450509
2002-08-01,1.1708374,0.06737386
2002-08-08,-0.8043518,0.0854429
2002-08-15,-1.8539429,0.0857134
2002-08-22,-0.51400757,0.05132626
2002-08-29,-1.4837341,0.050118938
2002-09-05,-0.31262207,0.041481033
2002-09-12,-4.007019,0.07083687
2002-09-19,0.43753052,0.04286048
2002-09-26,-3.154358,0.097301245
2002-10-03,-2.5751953,0.093948394
2002-10-10,0.8112793,0.102517426
2002-10-17,1.9417725,0.053686976
2002-10-24,0.88623047,0.022204697
2002-10-31,-1.0535583,0.020499706
2002-11-07,-2.0426025,0.063313216
2002-11-14,4.1647644,0.03173715
2002-11-21,2.8438416,0.019013852
2002-11-28,1.4515991,0.023643464
2002-12-05,-4.25354,0.04440084
2002-12-12,-3.4345398,0.01966688
2002-12-19,-2.723999,0.013906151
2002-12-26,-0.26434326,0.023956656
2003-01-02,1.2972412,0.030080318
2003-01-09,-2.3405151,0.019521296
2003-01-16,0.48342896,0.022415996
2003-01-23,0.855896,0.028109133
2003-01-30,-1.247467,0.022222996
2003-02-06,-4.180542,0.010897487
2003-02-13,-6.947571,-0.0024306774
2003-02-20,-6.1112366,-0.0035633445
2003-02-27,-3.4136658,0.007265061
2003-03-06,-2.397766,0.0076978505
2003-03-13,-3.3037415,0.011038333
2003-03-20,-4.7010193,-0.002308637
2003-03-27,0.38174438,-0.025892943
2003-04-03,-4.717682,-0.0126749575
2003-04-10,-0.5796509,0.020772815
2003-04-17,-2.402588,0.020846307
2003-04-24,-0.2796936,0.008661985
2003-05-01,5.62381,-0.043895245
2003-05-08,5.489319,-0.09197354
2003-05-15,1.1445618,-0.069234386
2003-05-22,-0.20501709,0.010434359
2003-05-29,1.0759888,0.015943885
2003-06-05,3.7955627,-0.026575297
2003-06-12,4.175812,-0.06468323
2003-06-19,0.9138794,-0.04344824
2003-06-26,1.4616394,-0.056494772
2003-07-03,0.47961426,-0.05729039
2003-07-10,-0.9937439,-0.053010076
2003-07-17,1.3855896,-0.033217594
2003-07-24,0.48849487,-0.017299116
2003-07-31,0.7533264,0.0061436743
2003-08-07,-0.064697266,-0.03926198
2003-08-14,3.001648,-0.058646202
2003-08-21,2.220337,-0.048728436
2003-08-28,1.6021423,-0.036706313
2003-09-04,-2.4241028,-0.024771601
2003-09-11,-3.0449524,0.08721711
2003-09-18,0.24310303,0.0064300895
2003-09-25,-0.21139526,-0.028831884
2003-10-02,1.388977,-0.015552327
2003-10-09,-1.3559875,0.034667164
2003-10-16,-0.60147095,0.0637801
2003-10-23,-2.4606018,0.061596215
2003-10-30,1.8125305,0.060025603
2003-11-06,-2.3530884,0.040117323
2003-11-13,-0.5619507,0.020897478
2003-11-20,1.6779175,-0.0036718547
2003-11-27,2.1874695,0.008772343
2003-12-04,-2.7497253,-0.001290977
2003-12-11,-0.41592407,0.001104176
2003-12-18,0.19903564,0.0011554658
2003-12-25,-2.245758,0.011295468
2004-01-01,-2.9490662,0.018903613
2004-01-08,-2.9990845,0.009244144
2004-01-15,2.2115173,0.028370768
2004-01-22,-5.9920044,0.013334274
2004-01-29,-0.9147339,0.019090146
2004-02-05,3.8816223,0.012635201
2004-02-12,-5.124115,-0.0008498132
2004-02-19,-1.6520691,0.0077269673
2004-02-26,1.020813,0.019026458
2004-03-04,-4.4029846,0.011296511
2004-03-11,-0.27423096,0.015916646
2004-03-18,4.435089,-0.017276138
2004-03-25,-0.35186768,-0.009053558
2004-04-01,0.43997192,-0.024629593
2004-04-08,2.1419983,-0.01776269
2004-04-15,-1.1585999,-0.0036297143
2004-04-22,-0.9476013,-0.0016817749
2004-04-29,0.9370117,-0.020413548
2004-05-06,-0.8725281,0.0030000806
2004-05-13,-3.263733,0.035534292
2004-05-20,-2.2740479,0.012282729
2004-05-27,-1.8685913,-0.0044349134
2004-06-03,-1.9975586,0.051735193
2004-06-10,1.4975891,0.025808662
2004-06-17,-0.6205139,0.03906262
2004-06-24,-0.2645874,0.01225099
2004-07-01,0.91915894,-0.03355789
2004-07-08,0.7973633,-0.043414116
2004-07-15,-1.2955933,-0.017931208
2004-07-22,-0.09820557,0.007654533
2004-07-29,-1.9456482,0.058703333
2004-08-05,-1.0832214,0.049574092
2004-08-12,-0.9974365,0.03548467
2004-08-19,0.47512817,0.0076206774
2004-08-26,-0.45629883,0.033280417
2004-09-02,-0.3963318,0.006630689
2004-09-09,-2.831787,-0.025385126
2004-09-16,-0.2705078,-0.017891362
2004-09-23,0.35003662,0.015564233
2004-09-30,-0.9467163,0.02943042
2004-10-07,-0.4197693,0.007998049
2004-10-14,2.0092468,0.03197393
2004-10-21,4.2117004,-0.004871428
2004-10-28,4.422058,-0.03940776
2004-11-04,0.84365845,-0.027585924
2004-11-11,1.9505005,0.045900017
2004-11-18,-2.973999,0.031504214
2004-11-25,-2.1777954,0.005610049
2004-12-02,2.6340332,0.006323695
2004-12-09,-2.3210754,-0.025444895
2004-12-16,0.40701294,-0.005512625
2004-12-23,1.5917053,0.006432086
2004-12-30,1.0739441,0.015633047
2005-01-06,2.683258,-6.517768e-05
2005-01-13,-0.6538086,-0.011300117
2005-01-20,0.20315552,0.00085026026
2005-01-27,-3.2824707,0.0046726763
2005-02-03,-8.312439,-0.011873543
2005-02-10,-2.4493408,0.0055224597
2005-02-17,-0.50927734,0.023327082
2005-02-24,-3.9084167,0.02615264
2005-03-03,-4.780365,0.025642663
2005-03-10,-2.7188416,0.020101547
2005-03-17,-0.032836914,0.0023047924
2005-03-24,2.1827393,-0.0041664243
2005-03-31,-2.7774048,0.0013270676
2005-04-07,1.8012695,-0.035110444
2005-04-14,0.85357666,0.009255528
2005-04-21,-2.1722412,0.00813058
2005-04-28,0.588501,-0.00412634
2005-05-05,-0.89108276,0.022628784
2005-05-12,0.07650757,0.0145866275
2005-05-19,-0.32733154,0.02054578
2005-05-26,1.5728455,0.04745269
2005-06-02,-1.5101624,0.041273177
2005-06-09,-2.6869202,0.043753058
2005-06-16,-0.18701172,0.0029208958
2005-06-23,-0.2684021,-0.005397469
2005-06-30,-1.0115662,0.040359378
2005-07-07,-0.563385,0.04970905
2005-07-14,-0.6229248,0.061563134
2005-07-21,-0.6730652,0.027090877
2005-07-28,3.3667908,-0.017229125
2005-08-04,-2.8642273,0.07903057
2005-08-11,-0.9874878,0.06276406
2005-08-18,-1.7853699,0.083828285
2005-08-25,0.26574707,0.061883792
2005-09-01,-1.1261902,0.037932247
2005-09-08,1.0571289,0.005517423
2005-09-15,-0.7346802,0.06502375
2005-09-22,-0.6213989,0.07545069
2005-09-29,-0.322937,0.084058106
2005-10-06,-0.36965942,0.040995687
2005-10-13,-2.2492065,0.029198527
2005-10-20,1.4471436,-0.0009608865
2005-10-27,-2.0100708,-0.020565957
2005-11-03,-1.3451233,-0.026854873
2005-11-10,-1.3747559,-0.03471321
2005-11-17,-4.2116394,0.028080344
2005-11-24,-0.0718689,0.051355183
2005-12-01,2.0804138,0.050057262
2005-12-08,-0.9894104,0.020164937
2005-12-15,-1.4842224,0.012322575
2005-12-22,-0.72698975,0.009422988
2005-12-29,2.5186768,0.033091694
2006-01-05,-1.6748657,0.0263637
2006-01-12,-4.159149,0.0039795935
2006-01-19,-5.921112,0.011032075
2006-01-26,-5.076172,0.0020135343
2006-02-02,-4.331726,0.0006428957
2006-02-09,-4.368164,0.0027864575
2006-02-16,2.039856,0.019959033
2006-02-23,-0.95388794,0.023382336
2006-03-02,-1.5498352,0.023204327
2006-03-09,-3.1367798,0.03730604
2006-03-16,-1.517395,0.030534893
2006-03-23,1.3590698,0.016161472
2006-03-30,2.310852,0.003638357
2006-04-06,0.20056152,0.013851643
2006-04-13,0.38952637,0.02508226
2006-04-20,0.78344727,0.022387117
2006-04-27,-1.5771179,0.011810601
2006-05-04,-2.8025513,0.011067688
2006-05-11,-0.9359436,0.029011786
2006-05-18,3.4065247,-0.011999041
2006-05-25,1.0681152,-0.04536119
2006-06-01,-3.1782837,0.004363805
2006-06-08,-3.5714111,0.04178676
2006-06-15,1.1175842,0.024155408
2006-06-22,2.4133606,0.00679484
2006-06-29,0.1993103,0.021109253
2006-07-06,-0.33792114,0.0014026165
2006-07-13,-1.7771606,0.011201352
2006-07-20,0.65216064,-0.03125757
2006-07-27,1.56781,-0.02244234
2006-08-03,-0.576355,0.007914901
2006-08-10,-0.92349243,0.034784853
2006-08-17,2.3501892,-0.008899525
2006-08-24,-1.3670044,0.02706626
2006-08-31,-0.88797,0.029351145
2006-09-07,-0.94885254,-0.02241218
2006-09-14,-0.3161316,-0.030826703
2006-09-21,-0.5267334,0.041614205
2006-09-28,1.2791443,0.05716616
2006-10-05,1.383606,0.047892988
2006-10-12,-1.4334412,0.024942279
2006-10-19,1.6631775,-0.004051447
2006-10-26,0.17352295,-0.009182841
2006-11-02,-4.180664,0.01607424
2006-11-09,-1.2784119,0.012555212
2006-11-16,1.2552185,-0.009572446
2006-11-23,1.571167,0.006048888
2006-11-30,-0.06707764,-0.023254395
2006-12-07,0.9300842,-0.036679655
2006-12-14,2.3265991,-0.024601072
2006-12-21,-1.7841492,-0.015538424
2006-12-28,-0.5406189,-0.021701336
2007-01-04,2.0038452,-0.002711445
2007-01-11,3.737091,-0.013697028
2007-01-18,6.3294983,-0.025080383
2007-01-25,1.639801,-0.017097354
2007-02-01,1.0700684,-0.026709586
2007-02-08,5.3305664,-0.005678028
2007-02-15,1.5315857,0.0014283657
2007-02-22,-0.7017822,-0.011260778
2007-03-01,3.0617676,-0.002323866
2007-03-08,0.93981934,-0.034307808
2007-03-15,1.8678589,-0.049326092
2007-03-22,-0.9621277,0.013011992
2007-03-29,-0.39746094,-0.0071303844
2007-04-05,0.93026733,-0.026570529
2007-04-12,0.26913452,-0.053263158
2007-04-19,-0.12698364,-0.072116494
2007-04-26,-0.3942566,-0.06560305
2007-05-03,1.8267212,-0.04361245
2007-05-10,3.8399963,-0.07639387
2007-05-17,0.0064086914,-0.00083449483
2007-05-24,1.6326294,0.029297382
2007-05-31,0.08328247,0.018814921
2007-06-07,1.13031,0.0062232316
2007-06-14,2.3551636,-0.009003252
2007-06-21,4.436676,-0.042875826
2007-06-28,1.429718,-0.0709483
2007-07-05,1.0385437,-0.07838467
2007-07-12,0.60723877,-0.058190733
2007-07-19,5.208435,-0.08525722
2007-07-26,1.321167,-0.08234416
2007-08-02,-2.2409058,0.014338762
2007-08-09,0.17797852,0.036845848
2007-08-16,2.4576416,-0.010571033
2007-08-23,3.3876953,-0.02556856
2007-08-30,0.49832153,0.018823326
2007-09-06,-4.6461487,0.06807101
2007-09-13,-1.3423767,0.0197144
2007-09-20,-2.5975952,0.0044173
2007-09-27,1.337738,-0.013954356
2007-10-04,1.846405,-0.020601302
2007-10-11,-1.4287109,0.014897078
2007-10-18,-2.0439453,0.03914714
2007-10-25,0.1949768,0.06077984
2007-11-01,-0.5992737,0.04956773
2007-11-08,-3.3579407,0.05978164
2007-11-15,-2.6721497,0.0770351
2007-11-22,-2.1943665,0.048724413
2007-11-29,-1.2004089,0.03832856
2007-12-06,0.4857788,0.039933056
2007-12-13,-3.0301514,0.017480165
2007-12-20,-4.077942,0.0029553175
2007-12-27,-3.488739,-0.0030376613
2008-01-03,-4.191223,0.0010069907
2008-01-10,-1.6128235,0.0034437776
2008-01-17,1.9931335,0.012662172
2008-01-24,-0.65179443,0.0021568239
2008-01-31,2.8467102,-0.0018427074
2008-02-07,-1.2722168,0.00032937527
2008-02-14,-4.1344604,-0.014301866
2008-02-21,3.4176025,-0.019723833
2008-02-28,4.151184,-0.028909296
2008-03-06,2.1651917,-0.012651831
2008-03-13,1.426239,-0.020593107
2008-03-20,-0.59069824,-0.014681309
2008-03-27,-0.5128174,-0.012603909
2008-04-03,0.46514893,0.017772228
2008-04-10,2.0372314,0.017987162
2008-04-17,1.5548706,0.0054437816
2008-04-24,-1.8971863,0.016128391
2008-05-01,-0.929718,0.011439949
2008-05-08,-2.6166382,0.01677239
2008-05-15,1.9356384,-0.02961868
2008-05-22,1.4284363,-0.017377734
2008-05-29,0.9975281,-0.04821472
2008-06-05,-0.59121704,0.0018503964
2008-06-12,-0.6790161,0.008963019
2008-06-19,2.3546448,-0.026149362
2008-06-26,2.7115479,-0.051781178
2008-07-03,1.6603088,-0.06648219
2008-07-10,-0.047332764,-0.064145565
2008-07-17,-0.6631775,-0.032138452
2008-07-24,-2.0787964,0.03159286
2008-07-31,1.0298767,-0.022048399
2008-08-07,0.18634033,-0.03161101
2008-08-14,2.277893,-0.0502868
2008-08-21,2.0542297,-0.058405086
2008-08-28,0.27981567,-0.040850535
2008-09-04,3.2539978,-0.06656413
2008-09-11,-1.2093201,-0.0104647875
2008-09-18,-4.8154297,0.038218677
2008-09-25,-4.1464233,0.07649258
2008-10-02,-0.013549805,0.060330153
2008-10-09,1.1405334,0.018336624
2008-10-16,1.2760315,-0.024553448
2008-10-23,-0.4704895,-0.039236397
2008-10-30,5.5450134,-0.052958935
2008-11-06,1.099884,-0.065870225
2008-11-13,-1.6398621,-0.05694565
2008-11-20,-1.6621094,0.00047194958
2008-11-27,0.48153687,0.012996495
2008-12-04,2.4261475,0.005454004
2008-12-11,3.5118408,0.0056651235
2008-12-18,1.9543762,0.017031848
2008-12-25,-5.5091248,-0.012078404
2009-01-01,-4.5137024,-0.007691294
2009-01-08,-4.400696,-0.010329992
2009-01-15,1.4051819,0.013660252
2009-01-22,4.8442993,0.026544034
2009-01-29,2.7611084,0.019885391
2009-02-05,4.5793457,0.009077519
2009-02-12,-2.8092651,0.004328519
2009-02-19,-5.2697144,-7.0899725e-05
2009-02-26,-0.69558716,0.012140781
2009-03-05,1.3327332,0.027205467
2009-03-12,-2.3808289,0.017164111
2009-03-19,-3.6756897,0.0148485005
2009-03-26,1.1863098,0.016200602
2009-04-02,2.5942383,-0.005884111
2009-04-09,0.4151001,-0.023403227
2009-04-16,1.0497131,-0.022397071
2009-04-23,-2.2607117,-0.012415886
2009-04-30,-1.2226562,0.0035941303
2009-05-07,0.95806885,-0.017078072
2009-05-14,2.9603577,-0.042376727
2009-05-21,2.6629028,-0.07357091
2009-05-28,-2.1238098,-0.020916283
2009-06-04,2.5109863,-0.029574215
2009-06-11,0.92959595,-0.057309464
2009-06-18,-1.2295227,-0.026058346
2009-06-25,-1.5435181,0.04235652
2009-07-02,0.6174011,0.042804807
2009-07-09,-1.5386353,0.05290377
2009-07-16,0.691864,0.005109459
2009-07-23,1.4268188,-0.040215015
2009-07-30,1.3035278,-0.053420737
2009-08-06,-1.6400146,0.019365504
2009-08-13,-0.0016479492,0.0052440166
2009-08-20,0.23287964,-0.02301523
2009-08-27,1.0747375,-0.02936545
2009-09-03,-0.678833,0.0067164004
2009-09-10,-0.23474121,0.026642293
2009-09-17,-0.09576416,0.0057756007
2009-09-24,-0.08929443,-0.033970356
2009-10-01,1.2826538,-0.003756851
2009-10-08,1.9786987,-0.00793615
2009-10-15,-3.3329163,0.05877769
2009-10-22,2.2045288,0.04221472
2009-10-29,-3.5915833,0.03937733
2009-11-05,2.5049438,0.074626714
2009-11-12,0.40829468,0.049495876
2009-11-19,1.1894531,0.0051561
2009-11-26,2.793274,-0.005422443
2009-12-03,2.2927551,0.0064361095
2009-12-10,-0.058044434,0.013202459
2009-12-17,-3.1957397,0.00776875
2009-12-24,4.2319946,0.025748104
2009-12-31,2.5399475,0.024572045
2010-01-07,4.154297,0.025038004
2010-01-14,-1.5851746,0.009313434
2010-01-21,-8.018341,-0.008271784
2010-01-28,-2.0264893,0.0054944456
2010-02-04,-2.880127,0.007413864
2010-02-11,-0.25958252,0.026080936
2010-02-18,2.6463928,0.02623111
2010-02-25,2.5076294,0.024176836
2010-03-04,-3.8670654,0.016217232
2010-03-11,-3.4562073,0.023723423
2010-03-18,1.8342896,0.0044974387
2010-03-25,2.6270142,0.003831178
2010-04-01,1.191864,0.0028443038
2010-04-08,-0.36395264,0.0068711936
2010-04-15,0.045837402,0.022309124
2010-04-22,0.43411255,0.013956606
2010-04-29,2.4107666,-0.031191587
2010-05-06,1.0918579,-0.022273898
2010-05-13,-1.8457947,0.01223734
2010-05-20,-1.4984131,0.038675517
2010-05-27,0.42504883,0.016715616
2010-06-03,0.22219849,0.025042742
2010-06-10,4.540741,-0.023791939
2010-06-17,-1.4161682,0.028202534
2010-06-24,-2.5866394,0.058906525
2010-07-01,0.06188965,0.058566034
2010-07-08,-0.9133606,0.04776968
2010-07-15,1.6339111,0.025161147
2010-07-22,-0.55023193,0.045020267
2010-07-29,0.40029907,0.034881756
2010-08-05,0.84347534,0.030842677
2010-08-12,2.9719238,-0.009252638
2010-08-19,0.80075073,-0.032836333
2010-08-26,0.50509644,-0.035149813
2010-09-02,-2.4169006,0.016055956
2010-09-09,-0.9659729,0.019219771
2010-09-16,0.62268066,-0.018546432
2010-09-23,0.09979248,0.012081951
2010-09-30,-2.0384827,0.031166911
2010-10-07,-3.3937683,0.04667288
2010-10-14,0.5615845,0.07850444
2010-10-21,-1.8874207,0.06608352
2010-10-28,-2.7917175,0.050055325
2010-11-04,4.4060364,0.027127922
2010-11-11,4.211029,0.024534851
2010-11-18,2.3495178,0.025038213
2010-11-25,2.7905579,0.037919164
2010-12-02,2.1793823,0.028449684
2010-12-09,-1.7131348,0.010325819
2010-12-16,-2.44635,0.009000182
2010-12-23,1.4437866,0.02025333
2010-12-30,-3.6646729,0.008223534
2011-01-06,0.42294312,0.008352369
2011-01-13,2.347412,0.009779006
2011-01-20,-2.0246887,0.005114138
2011-01-27,-4.3031006,0.0007328987
2011-02-03,-0.05596924,0.0070122182
2011-02-10,-0.39620972,-0.008859843
2011-02-17,-1.0887451,0.009640127
2011-02-24,-5.3046265,0.0055544376
2011-03-03,-4.8050537,0.010022491
2011-03-10,0.19491577,0.0059455037
2011-03-17,-0.49371338,0.0087837875
2011-03-24,2.081665,-0.0056893826
2011-03-31,0.9447632,0.0033695102
2011-04-07,0.34881592,-0.013805926
2011-04-14,-3.0157166,0.017452866
2011-04-21,-0.7453308,-0.0148023665
2011-04-28,-0.5605774,0.013397872
2011-05-05,-3.8986206,0.04431522
2011-05-12,-0.57788086,0.02124691
2011-05-19,1.078125,0.0062332153
2011-05-26,0.6326294,0.0012871027
2011-06-02,2.249176,0.004913777
2011-06-09,-1.1210327,0.026185662
2011-06-16,-0.040283203,-0.0015157759
2011-06-23,-1.3363953,-0.04486744
2011-06-30,-2.524475,0.013326913
2011-07-07,1.842926,-0.02189152
2011-07-14,2.132904,-0.038233936
2011-07-21,-1.0065308,0.0034517497
2011-07-28,-1.2376404,0.015349105
2011-08-04,-0.77682495,-0.0013406128
2011-08-11,-1.1863098,0.01184845
2011-08-18,1.538208,-0.030496478
2011-08-25,1.8128357,-0.06214091
2011-09-01,1.8119202,-0.055253893
2011-09-08,2.1551514,-0.058245316
2011-09-15,3.0613403,-0.082766086
2011-09-22,0.36669922,-0.031213284
2011-09-29,1.5227661,-0.078530535
2011-10-06,-0.5432434,-0.012304574
2011-10-13,-4.7535706,0.031528622
2011-10-20,-1.7795105,0.010867089
2011-10-27,-2.8268127,-0.031615973
2011-11-03,-1.6095581,-0.048258454
2011-11-10,-4.932678,-0.04425314
2011-11-17,-6.3222656,-0.06697652
2011-11-24,-3.139557,-0.0784429
2011-12-01,0.54849243,-0.08326566
2011-12-08,2.82547,-0.051594824
2011-12-15,1.913269,-0.02518186
2011-12-22,-2.7966614,-0.0242216
2011-12-29,-0.89105225,-0.019383252
2012-01-05,0.3432312,0.0036945343
2012-01-12,-3.4684448,-0.01700005
2012-01-19,-0.20529175,-0.007953525
2012-01-26,-6.736603,-0.012503564
2012-02-02,-6.6842957,-0.013377994
2012-02-09,-8.732147,-0.021277308
2012-02-16,-3.8815308,-0.022602528
2012-02-23,-1.9636536,0.009046704
2012-03-01,-1.9931641,0.008004069
2012-03-08,-3.6210938,0.010799378
2012-03-15,1.6733704,-0.00079256296
2012-03-22,2.8594055,-0.022330433
2012-03-29,0.9538574,-0.024356335
2012-04-05,0.010864258,0.0055199265
2012-04-12,0.29205322,0.024118274
2012-04-19,0.8357849,0.03442067
2012-04-26,4.3595276,-0.010349482
2012-05-03,2.5951843,-0.035672873
2012-05-10,-0.029968262,0.001410991
2012-05-17,-1.9806213,0.059479713
2012-05-24,-2.7466736,0.08405864
2012-05-31,0.6272278,0.047208548
2012-06-07,2.5011597,0.0063200295
2012-06-14,1.9277344,-0.041067183
2012-06-21,2.8934326,-0.07137866
2012-06-28,2.4494324,-0.08261089
2012-07-05,3.4855347,-0.0904091
2012-07-12,2.052948,-0.07895732
2012-07-19,2.1932983,-0.077912346
2012-07-26,2.4406128,-0.038819343
2012-08-02,2.9966125,-0.050616145
2012-08-09,-1.5046082,-0.025361463
2012-08-16,1.2987976,-0.047991037
2012-08-23,3.4016113,-0.06364603
2012-08-30,1.3327942,-0.069931045
2012-09-06,0.4906311,-0.080170676
2012-09-13,0.94104004,-0.046231985
2012-09-20,-0.30511475,0.0065924823
2012-09-27,5.618408,-0.063790485
2012-10-04,1.8991394,-0.08572574
2012-10-11,2.6351318,-0.0534001
2012-10-18,1.2839661,-0.065859005
2012-10-25,1.2647095,-0.025647908
2012-11-01,2.7391052,0.025352895
2012-11-08,-0.9967041,-0.00087311864
2012-11-15,-0.15661621,-0.015541524
2012-11-22,1.0376282,-0.028838277
2012-11-29,1.6589661,0.00032109022
2012-12-06,-2.5940552,0.0030152798
2012-12-13,-3.082428,0.0018570721
2012-12-20,-2.7117004,-0.0027053952
2012-12-27,-0.050445557,0.01507467
2013-01-03,-1.6372681,0.0031167269
2013-01-10,-0.59176636,0.006325215
2013-01-17,3.0884094,0.021758497
2013-01-24,-0.09963989,0.012937903
2013-01-31,2.6994019,0.011613995
2013-02-07,-0.20532227,0.01190719
2013-02-14,-0.33029175,0.014091879
2013-02-21,1.4575806,0.024927914
2013-02-28,-0.58096313,0.00552997
2013-03-07,3.032074,0.009056389
2013-03-14,-2.1361084,0.013755351
2013-03-21,-2.4647522,0.0272519
2013-03-28,0.32174683,0.032881826
2013-04-04,-1.1672974,0.04295665
2013-04-11,0.43643188,0.019922316
2013-04-18,0.80041504,-0.0067318976
2013-04-25,6.0155945,-0.04976797
2013-05-02,4.154419,-0.0668297
2013-05-09,0.4017334,-0.04433167
2013-05-16,2.6667175,-0.045956045
2013-05-23,-1.2190552,-0.011508584
2013-05-30,-2.3164062,-0.0068657696
2013-06-06,-1.1802979,0.02070105
2013-06-13,1.3109741,0.03247893
2013-06-20,2.5064697,-0.035994872
2013-06-27,-2.2072144,0.00082850456
2013-07-04,-1.3429871,0.0044990927
2013-07-11,-1.9730835,0.0059214085
2013-07-18,-0.28289795,-0.024211109
2013-07-25,1.6191711,-0.047051474
2013-08-01,1.3330078,-0.05108632
2013-08-08,1.4933777,-0.058949158
2013-08-15,0.7736511,-0.044023857
2013-08-22,0.92648315,-0.036809802
2013-08-29,-1.0165405,-0.0004079938
2013-09-05,-1.0248718,-0.041163176
2013-09-12,-0.85513306,-0.0019447058
2013-09-19,-2.3670654,-0.00027258694
2013-09-26,-1.1051941,0.010970056
2013-10-03,-4.7504883,0.029345602
2013-10-10,2.3933105,-0.009787798
2013-10-17,0.34674072,0.033329576
2013-10-24,3.210144,-0.029704034
2013-10-31,3.327301,-0.03770876
2013-11-07,2.4610596,0.013576388
2013-11-14,0.02053833,-0.0012091398
2013-11-21,0.98501587,0.028168589
2013-11-28,-3.3785095,0.017748237
2013-12-05,-1.5335693,-0.0025432408
2013-12-12,-2.0233765,-0.019240975
2013-12-19,-1.8964844,-0.031100094
2013-12-26,2.5560913,-0.015824378
2014-01-02,2.334076,-0.025530368
2014-01-09,1.9562378,-0.039081246
2014-01-16,4.8382874,-0.020546526
2014-01-23,-0.33270264,-0.0039224923
2014-01-30,-2.9615784,-0.013667494
2014-02-06,2.7422485,-0.0025425255
2014-02-13,3.65448,-0.0062048435
2014-02-20,2.5262146,-0.017873704
2014-02-27,1.563385,0.0014041066
2014-03-06,-0.34924316,0.020550549
2014-03-13,2.7163086,-0.016249597
2014-03-20,2.84729,-0.030658752
2014-03-27,1.8493958,-0.02000168
2014-04-03,1.7245178,-0.028834313
2014-04-10,-2.3692322,0.011439592
2014-04-17,-0.20892334,0.05027646
2014-04-24,0.29452515,0.05527985
2014-05-01,-2.0898132,0.070590734
2014-05-08,-0.7311096,0.037128627
2014-05-15,-2.138794,0.053526014
2014-05-22,1.8087463,0.01806572
2014-05-29,-2.5127258,0.050174296
2014-06-05,1.2200928,0.037537545
2014-06-12,-1.3606873,0.03542748
2014-06-19,-1.7038574,0.052276134
2014-06-26,-0.5513916,0.020036846
2014-07-03,-0.93862915,0.0016928911
2014-07-10,-2.6409302,0.04079315
2014-07-17,-0.7341614,0.07138297
2014-07-24,-0.61431885,0.07362312
2014-07-31,-0.78201294,0.0618663
2014-08-07,0.051574707,0.057836488
2014-08-14,-0.74819946,0.025437519
2014-08-21,0.56073,0.017621204
2014-08-28,-0.622406,0.008891404
2014-09-04,-0.92388916,0.08840929
2014-09-11,0.45767212,0.043665156
2014-09-18,-1.4667664,0.053042173
2014-09-25,-2.1700745,0.061962187
2014-10-02,-0.27316284,0.030744076
2014-10-09,2.0359192,0.0046818256
2014-10-16,2.1799927,0.008241862
2014-10-23,-3.693756,0.07052171
2014-10-30,-2.7943726,0.053575248
2014-11-06,2.0159607,0.035721123
2014-11-13,1.6052856,0.0471479
2014-11-20,-1.7873535,0.040708363
2014-11-27,-0.46780396,0.026399434
2014-12-04,2.9025269,0.043485016
2014-12-11,1.1215515,0.027225494
2014-12-18,2.488861,0.0100851655
2014-12-25,-2.5948486,0.010746688
2015-01-01,-4.6823425,0.01025033
2015-01-08,-1.7879028,0.02095002
2015-01-15,2.082672,0.01725337
2015-01-22,4.1843567,0.028568804
2015-01-29,2.564209,0.026985615
2015-02-05,-2.0565186,0.012227535
2015-02-12,-3.4593506,0.0030946434
2015-02-19,1.1118469,0.010333389
2015-02-26,2.9387512,0.021064132
2015-03-05,-2.4949646,0.023586929
2015-03-12,-1.4780884,0.018460125
2015-03-19,-1.7113037,0.01165396
2015-03-26,1.3698425,0.03371522
2015-04-02,-3.7986145,0.035373777
2015-04-09,0.04748535,0.011853486
2015-04-16,-0.4491272,-0.0023722947
2015-04-23,0.5760803,-0.012689441
2015-04-30,1.6385803,0.0045394003
2015-05-07,0.9819641,-0.005939603
2015-05-14,1.960907,-0.031271607
2015-05-21,0.38552856,-0.023019582
2015-05-28,-0.7954712,-0.02353096
2015-06-04,0.4057312,-0.0360485
2015-06-11,0.80807495,-0.024639845
2015-06-18,-2.9200134,0.023060828
2015-06-25,-2.7662048,0.021636903
2015-07-02,-0.04272461,0.0068926513
2015-07-09,-1.2320251,-0.023644313
2015-07-16,2.9092712,-0.05694878
2015-07-23,1.8534851,-0.06511675
2015-07-30,0.83917236,-0.042059273
2015-08-06,1.001831,-0.035960495
2015-08-13,0.88116455,-0.017410278
2015-08-20,-1.449707,0.049245477
2015-08-27,2.9412537,-0.023139134
2015-09-03,0.7086487,-0.043021858
2015-09-10,0.12979126,0.030656397
2015-09-17,2.265747,0.0014948845
2015-09-24,-0.184021,0.08299807
2015-10-01,0.4699707,0.045127183
2015-10-08,-0.83258057,0.07369873
2015-10-15,0.60321045,0.06051767
2015-10-22,-1.4581909,0.069417626
2015-10-29,-2.9816284,0.028187841
2015-11-05,0.19006348,0.0017238855
2015-11-12,2.0308228,-0.026319295
2015-11-19,3.1567688,-0.0064765215
2015-11-26,0.34609985,0.04208684
2015-12-03,1.6615295,-0.0025085509
2015-12-10,-0.2760315,-0.022380292
2015-12-17,0.87750244,-0.034885317
2015-12-24,1.9925537,-0.039516926
2015-12-31,-4.5799866,-0.02443263
2016-01-07,3.1040955,0.024697632
2016-01-14,-2.6493835,0.014107466
2016-01-21,-3.4194336,0.0027211905
2016-01-28,5.029358,0.013287842
2016-02-04,1.1820374,0.005818844
2016-02-11,6.4678955,0.010267228
2016-02-18,4.668152,-0.0012313128
2016-02-25,3.958313,-0.004671335
2016-03-03,2.0021973,0.006947845
2016-03-10,-0.5987854,0.020295769
2016-03-17,-0.054718018,0.008807391
2016-03-24,-0.85839844,0.02485016
2016-03-31,4.2967224,-0.01415357
2016-04-07,3.548523,-0.01605454
2016-04-14,4.1943054,-0.020594895
2016-04-21,-1.6000977,0.00025242567
2016-04-28,-2.353241,0.04037088
2016-05-05,-1.8417969,0.050876588
2016-05-12,-1.722229,0.041691154
2016-05-19,-1.7221375,0.039676905
2016-05-26,1.5486145,0.022233486
2016-06-02,-1.3517456,0.034702063
2016-06-09,-2.4872437,0.050370842
2016-06-16,3.7411804,0.008711696
2016-06-23,2.4671326,-0.018525451
2016-06-30,0.085235596,0.006322801
2016-07-07,-0.41485596,-0.022476181
2016-07-14,-1.0536804,-0.001611352
2016-07-21,0.11395264,-0.013079584
2016-07-28,0.10498047,-0.016963303
2016-08-04,-0.36557007,0.0007622093
2016-08-11,-2.7970886,0.029205859
2016-08-18,0.23205566,0.023819044
2016-08-25,0.21411133,0.014094114
2016-09-01,-0.527771,0.00090661645
2016-09-08,1.8049927,-0.0040315837
2016-09-15,0.18060303,0.009118393
2016-09-22,-3.031189,0.027159348
2016-09-29,0.80963135,-0.021888152
2016-10-06,-2.4671936,0.029293448
2016-10-13,-2.4095154,0.05074191
2016-10-20,1.3658142,0.0367738
2016-10-27,-2.9031067,0.030280918
2016-11-03,0.84866333,0.030979186
2016-11-10,-3.0652466,0.055358022
2016-11-17,-0.48495483,0.009658247
2016-11-24,-1.5259094,-0.007269889
2016-12-01,-1.710144,-0.008169413
2016-12-08,-0.9593811,-0.0238114
2016-12-15,-3.9604187,-0.038262904
2016-12-22,-1.1506653,-0.03143722
2016-12-29,-3.4456482,-0.02614367
2017-01-05,-9.538452,-0.015061617
2017-01-12,-3.1878052,-0.012381345
2017-01-19,-2.9302368,-0.015622228
2017-01-26,-4.4828186,-0.021345675
2017-02-02,1.9620056,0.012026727
2017-02-09,-3.4439392,-0.0022116005
2017-02-16,0.004119873,0.00097319484
2017-02-23,4.237335,-0.0033200085
2017-03-02,2.586853,-0.007183969
2017-03-09,-0.29360962,0.019339085
2017-03-16,2.4240723,0.003892243
2017-03-23,2.2846375,-0.02581948
2017-03-30,1.7103577,-0.03755817
2017-04-06,-0.38284302,-0.024862558
2017-04-13,-0.72473145,-0.016771764
2017-04-20,-4.1607056,0.026526362
2017-04-27,1.2033386,-0.0050534606
2017-05-04,-0.75805664,0.0062114
2017-05-11,0.45028687,0.0058314204
2017-05-18,-0.94503784,0.00626868
2017-05-25,-1.176117,0.03818074
2017-06-01,1.2853699,0.018011183
2017-06-08,-1.3572998,0.036417484
2017-06-15,-1.0950623,0.0053186417
2017-06-22,2.8243713,-0.03482975
2017-06-29,0.8486023,-0.020536765
2017-07-06,1.1048584,-0.014005825
2017-07-13,-1.6383362,-0.0025893599
2017-07-20,0.40454102,-0.0021897405
2017-07-27,-0.9963379,0.009113535
2017-08-03,2.4473267,-0.036322847
2017-08-10,0.6400757,-0.018304527
2017-08-17,0.048309326,-0.0229543
2017-08-24,-0.52978516,-0.030530006
2017-08-31,-1.4691772,-0.020854324
2017-09-07,1.3783264,-0.043132007
2017-09-14,1.5073853,-0.052298516
2017-09-21,-1.7658081,-0.0064378977
2017-09-28,-2.5069885,-0.0045284927
2017-10-05,-2.10495,0.009310186
2017-10-12,0.78253174,-0.016067117
2017-10-19,1.4542847,-0.019887298
2017-10-26,-2.5440369,0.04158491
2017-11-02,-2.0539856,0.012450665
2017-11-09,0.66329956,0.025599927
2017-11-16,-0.32891846,0.039276183
2017-11-23,-0.9379883,0.014526039
2017-11-30,2.1281738,0.029846042
2017-12-07,1.3763123,0.006825596
2017-12-14,1.416748,0.008615911
2017-12-21,0.12237549,0.008562893
2017-12-28,2.3369446,0.018075496
2018-01-04,2.053955,0.0058339834
2018-01-11,0.19763184,0.0054193437
2018-01-18,1.3746948,0.018898934
2018-01-25,-0.3201294,0.0042993426
2018-02-01,2.7192383,0.0028705
2018-02-08,0.7784729,0.008622974
2018-02-15,0.1423645,0.015526831
2018-02-22,-4.172333,0.011074543
2018-03-01,-2.5153198,0.021479785
2018-03-08,2.4418945,0.018508434
2018-03-15,0.20233154,0.022767812
2018-03-22,-3.8371582,0.03358069
2018-03-29,1.2862244,0.029248804
2018-04-05,3.5178833,-0.004269004
2018-04-12,4.0120544,-0.030026227
2018-04-19,3.8599243,-0.043287188
2018-04-26,3.725525,-0.065634206
2018-05-03,2.8431396,-0.04978022
2018-05-10,0.5316467,0.0041383803
2018-05-17,0.7213135,0.0018022954
2018-05-24,1.9274292,-0.02036789
2018-05-31,1.8606873,-0.048668116
2018-06-07,1.3995056,-0.02285543
2018-06-14,-0.23556519,0.029345214
2018-06-21,-2.9193726,0.036591142
2018-06-28,-2.838623,0.09887648
2018-07-05,-2.313446,0.09852329
2018-07-12,-0.34429932,0.062527925
2018-07-19,-1.5045776,0.07290453
2018-07-26,-1.9508972,0.11600515
2018-08-02,-0.8023987,0.09226026
2018-08-09,-0.43225098,0.030801386
2018-08-16,1.0396423,0.0025052577
2018-08-23,0.40478516,0.007928818
2018-08-30,1.0332336,0.0024612695
2018-09-06,0.39453125,-0.006534934
2018-09-13,0.24035645,-0.02980949
2018-09-20,-0.48330688,-0.06254478
2018-09-27,-2.1601257,-0.035546258
2018-10-04,-0.1282959,-0.050330505
2018-10-11,0.28381348,-0.07091829
2018-10-18,1.4804077,-0.068371624
2018-10-25,2.3572998,-0.046349987
2018-11-01,2.436615,-0.06922786
2018-11-08,-0.6681824,-0.09347294
2018-11-15,-2.2486877,-0.036913127
2018-11-22,0.21087646,0.018672854
2018-11-29,-2.7930603,-0.0003492236
2018-12-06,-1.1362305,-0.0042820573
2018-12-13,-1.6477966,-0.0022606254
2018-12-20,-0.06500244,0.015225112
2018-12-27,-0.19250488,0.010011703
2019-01-03,-6.1951904,-0.005598277
2019-01-10,-2.6150818,-0.005929768
2019-01-17,2.4225464,0.0065208375
2019-01-24,1.1249084,0.020095646
2019-01-31,3.3651123,0.017121911
2019-02-07,0.309906,0.006618738
2019-02-14,0.96832275,-5.248189e-05
2019-02-21,-2.0731506,-0.009248346
2019-02-28,1.188446,-0.011337072
2019-03-07,2.5879211,-0.02563247
2019-03-14,2.0215454,-0.009752423
2019-03-21,1.6202698,-0.042158008
2019-03-28,-0.3909912,-0.053887665
2019-04-04,0.8913574,-0.045389235
2019-04-11,-1.5563965,0.03673297
2019-04-18,-1.3774414,0.015563965
2019-04-25,0.10397339,0.009519011
2019-05-02,-2.2761536,0.019417554
2019-05-09,-2.2963257,0.029026955
2019-05-16,-0.9057617,0.033450842
2019-05-23,0.04623413,0.012236774
2019-05-30,-1.818634,0.043682277
2019-06-06,0.7891846,0.042254895
2019-06-13,2.6033936,-0.0014266968
2019-06-20,1.736206,0.007479042
2019-06-27,0.21005249,-0.004986882
2019-07-04,-0.7994385,-0.004085988
2019-07-11,-4.1368713,0.053402722
2019-07-18,-1.2660217,0.024448574
2019-07-25,-0.9353943,0.007243201
2019-08-01,-1.971405,0.047069296
2019-08-08,1.6093445,-0.0043515116
2019-08-15,-0.39419556,-0.013562977
2019-08-22,2.6155396,-0.043712124
2019-08-29,0.83374023,-0.062832326
2019-09-05,0.99713135,-0.07317276
2019-09-12,0.22833252,-0.07279675
2019-09-19,-2.0691833,-0.05180332
2019-09-26,2.5811462,-0.023311421
2019-10-03,-1.730072,0.003949076
2019-10-10,1.5157471,-0.02479744
2019-10-17,3.695343,-0.07583436
2019-10-24,1.0005798,-0.093269065
2019-10-31,0.99627686,-0.02226001
2019-11-07,3.6896057,-0.00012934208
2019-11-14,4.3634644,-0.0012149811
2019-11-21,1.6607971,0.006909311
2019-11-28,1.7858276,0.003788352
2019-12-05,0.06283569,-0.008203924
2019-12-12,3.263794,-0.006400496
2019-12-19,5.2566833,-0.0020806491
2019-12-26,-0.97036743,-0.0056043565
2020-01-02,-2.9368591,-0.01836142
2020-01-09,-0.7654724,-0.025615096
2020-01-16,0.76553345,-0.03540367
2020-01-23,2.125946,-0.03649491
2020-01-30,4.117462,-0.031124145
2020-02-06,-0.56555176,-0.013199747
2020-02-13,2.6098633,-0.009541482
2020-02-20,2.6904602,-0.02101922
2020-02-27,1.6272888,-0.013196707
2020-03-05,1.3995361,0.0068719387
2020-03-12,1.1620789,-0.0038249195
2020-03-19,-1.1043091,-0.024527878
2020-03-26,-2.3169556,0.018465877
2020-04-02,-2.3205566,0.008604407
2020-04-09,0.2630005,-0.027122647
2020-04-16,-0.002960205,-0.023822397
2020-04-23,-1.244873,-0.032924563
2020-04-30,-1.2629395,-0.0039798915
2020-05-07,0.3553772,-0.027380764
2020-05-14,3.3218384,-0.07673691
2020-05-21,-3.773529,-0.012695342
2020-05-28,-5.299408,0.023244888
2020-06-04,-1.6122742,0.002305001
2020-06-11,-1.3720093,0.030041456
2020-06-18,-1.6712646,0.044889152
2020-06-25,0.02243042,0.03075105
2020-07-02,-0.71069336,0.02262929
2020-07-09,-1.7542725,-0.009890735
2020-07-16,-2.850647,0.014054731
2020-07-23,-1.358551,0.008388266
2020-07-30,-0.34454346,-0.0109897405
2020-08-06,-0.7581482,0.03676407
2020-08-13,-0.1690979,0.03626749
2020-08-20,0.19494629,0.03333983
2020-08-27,1.3373413,-0.010643125
2020-09-03,1.2218018,-0.03732966
2020-09-10,2.0176086,-0.061173126
2020-09-17,0.92889404,-0.06960723
2020-09-24,1.3266907,-0.016231537
2020-10-01,3.2112122,-0.013074458
2020-10-08,0.2260437,0.04658428
2020-10-15,-0.0033874512,0.030503869
2020-10-22,0.44055176,0.012985557
2020-10-29,-0.0019226074,0.030759484
2020-11-05,-1.0679626,-0.00559327
2020-11-12,0.020233154,-0.031100005
2020-11-19,-1.8503113,-0.046526015
2020-11-26,-1.5009766,-0.06242436
2020-12-03,2.1074219,-0.026491731
2020-12-10,2.451538,0.018575639
2020-12-17,2.039978,-0.008248121
2020-12-24,5.0848694,0.009884745
2020-12-31,3.4085083,0.020935208
2021-01-07,2.373413,0.026231736
2021-01-14,-2.3831787,0.0059618056
2021-01-21,2.8566284,0.0230968
2021-01-28,1.4962463,0.02161169
2021-02-04,5.847107,0.0047231913
2021-02-11,-4.3848877,0.0011588335
2021-02-18,0.8643799,-0.0011089742
2021-02-25,1.0614014,-0.020174444
2021-03-04,-1.2605591,-0.036988825
2021-03-11,-1.5693665,0.012378275
2021-03-18,-3.9586792,0.027542472
2021-03-25,-2.0775757,0.024031788
2021-04-01,-1.3435364,0.013344139
2021-04-08,-3.0709229,0.01573971
2021-04-15,-3.7549438,0.035528183
2021-04-22,-2.642456,0.03797832
2021-04-29,2.2270203,-0.00349316
2021-05-06,-0.40823364,-0.048809916
2021-05-13,-1.5682983,-0.01603806
2021-05-20,-0.19134521,-0.015041649
2021-05-27,-3.6615295,0.0025452077
2021-06-03,-2.8289185,0.0022860467
2021-06-10,-2.9591675,0.020475179
2021-06-17,0.54745483,0.018976927
2021-06-24,2.1594543,-0.009775251
2021-07-01,-0.8279724,-0.00194332
2021-07-08,1.9298096,-0.03866987
2021-07-15,-0.07574463,-0.0121899545
2021-07-22,-1.0372925,-0.022152305
2021-07-29,2.0150452,-0.042492017
2021-08-05,0.9434204,-0.021852806
2021-08-12,1.4573059,-0.04664369
2021-08-19,-0.6485596,-0.035460487
2021-08-26,-2.3391113,0.019189447
2021-09-02,-2.3691711,-0.028908357
2021-09-09,-1.3875732,-0.038406864
2021-09-16,0.22225952,-0.04134439
2021-09-23,-0.12338257,-0.04319282
2021-09-30,-1.8197632,-0.05547905
2021-10-07,-3.478485,0.03274271
2021-10-14,-1.9416504,0.074106365
2021-10-21,-2.2715454,0.03564018
2021-10-28,-2.0605774,0.018547356
2021-11-04,1.9763184,0.022432953
2021-11-11,-1.3106384,-0.008475393
2021-11-18,0.388031,-0.033063143
2021-11-25,2.6271057,0.00022381544
2021-12-02,1.6090088,0.017131358
2021-12-09,0.99020386,0.029719025
2021-12-16,-1.3365784,0.016985118
2021-12-23,1.1897888,0.018978685
2021-12-30,3.5697937,0.020503104
2022-01-06,1.0699463,0.010683179
2022-01-13,0.1585083,0.0039182305
2022-01-20,-4.3022156,-0.00698182
2022-01-27,-1.1695557,-0.0107109845
2022-02-03,0.32244873,-0.0017333627
2022-02-10,2.0527039,-0.0079137385
2022-02-17,3.8723145,-0.019297808
2022-02-24,-2.5350647,-0.009436846
2022-03-03,-4.485504,-0.0017965138
2022-03-10,-5.9758606,0.0023109615
2022-03-17,-3.471222,-0.0056829154
2022-03-24,0.5989685,-0.026002407
2022-03-31,0.38305664,-0.019520402
2022-04-07,-0.6932373,-0.0010691881
2022-04-14,-2.7507324,0.0049396157
2022-04-21,-0.11172485,0.022936165
2022-04-28,-1.6654968,0.0075678825
2022-05-05,-1.0333862,-0.02772984
2022-05-12,1.5737305,-0.05117953
2022-05-19,0.6126709,-0.055420786
2022-05-26,1.1689758,-0.045300454
2022-06-02,1.0931396,-0.045931756
2022-06-09,-0.6387634,0.018632054
2022-06-16,0.0657959,-0.021188408
2022-06-23,-0.5272827,-0.023804113
2022-06-30,0.97888184,-0.025070116
2022-07-07,-2.9316406,0.010766581
2022-07-14,-1.2072754,-0.031311974
2022-07-21,0.83535767,-0.0658063
2022-07-28,-1.2313538,-0.019802064
2022-08-04,0.2854004,-0.02914837
2022-08-11,-0.6482849,0.01763989
2022-08-18,0.4335327,0.04680325
2022-08-25,0.3972168,0.06723741
2022-09-01,-0.9979553,0.06804389
2022-09-08,-0.898468,0.0356583
2022-09-15,-1.5096741,0.023109645
2022-09-22,-2.1386414,0.013109267
2022-09-29,0.53674316,0.008271754
2022-10-06,-0.56607056,-0.020939529
2022-10-13,-0.18423462,-0.014508307
2022-10-20,0.8542175,-0.042387858
2022-10-27,1.6575623,-0.06478587
2022-11-03,1.5866089,-0.056177244
2022-11-10,0.92059326,-0.04328361
2022-11-17,3.3057861,0.0009602308
2022-11-24,0.783905,-0.0020106137
2022-12-01,1.7908325,0.001985997
2022-12-08,3.4904785,0.00735271
2022-12-15,2.6733398,0.012258559
2022-12-22,2.189972,-0.014513165
2022-12-29,2.5679016,-0.032072186
2023-01-05,2.9994202,-0.03303495
2023-01-12,6.0312805,0.004508376
2023-01-19,4.3864746,0.008899987
2023-01-26,-1.1048889,-0.0019724965
2023-02-02,-2.808319,-0.009073496
2023-02-09,-2.5717468,-0.019715518
2023-02-16,4.256439,-0.02738142
2023-02-23,2.1860657,-0.02643621
2023-03-02,0.58743286,-0.014460206
2023-03-09,1.6888123,-0.010986805
2023-03-16,0.626709,-0.008918881
2023-03-23,0.36935425,-0.0060370266
2023-03-30,-1.0024719,0.0046588182
2023-04-06,-3.1152344,0.035675317
2023-04-13,-0.39801025,0.037669092
2023-04-20,-1.9711914,0.05200416
2023-04-27,-2.3519592,0.026863456
2023-05-04,-2.0905151,0.02797696
2023-05-11,-2.5078125,0.02769047
2023-05-18,-1.0072021,0.024670064
2023-05-25,-1.3388977,0.040326953
2023-06-01,-2.5246277,0.037916362
2023-06-08,-1.5260925,0.009496391
2023-06-15,-1.2768555,0.046139896
2023-06-22,-1.2086487,0.039675593
2023-06-29,-2.2089844,0.052865833
2023-07-06,-0.028564453,0.029920056
2023-07-13,2.2228699,-0.01755862
2023-07-20,0.64541626,-0.031341404
2023-07-27,-2.8110962,-0.006373003
2023-08-03,-1.6217651,0.024295017
2023-08-10,-1.5243835,0.020305276
2023-08-17,2.5338135,-0.010436341
2023-08-24,2.1271362,-0.019224674
2023-08-31,-0.10656738,0.005688116
2023-09-07,-0.33615112,-0.0003171414
2023-09-14,1.6747437,-0.018091992
2023-09-21,4.029663,-0.0245689
2023-09-28,1.4902649,-0.045510575
2023-10-05,0.58636475,-0.070176765
2023-10-12,0.7619934,-0.08158927
2023-10-19,4.0505066,-0.06232913
2023-10-26,3.8857727,-0.05869159
2023-11-02,2.9677734,-0.010321885
2023-11-09,1.4407043,0.011723965
2023-11-16,0.4242859,0.010697603
2023-11-23,0.83291626,0.02197817
2023-11-30,2.7026367,0.0153544545
2023-12-07,0.20602417,0.010121793
2023-12-14,1.8208313,0.020796865
2023-12-21,3.9239502,0.011214405
2023-12-28,2.2807922,-0.01011169
