"","dates","SCDHI"
"1",1981-01-01,-0.372453956476214
"2",1981-01-08,0.235569327405784
"3",1981-01-15,0.0208128228330177
"4",1981-01-22,0.138526004905961
"5",1981-01-29,-0.500646672205839
"6",1981-02-05,-0.774234486921877
"7",1981-02-12,0.00360164172331417
"8",1981-02-19,-0.464329286644416
"9",1981-02-26,-0.0303262498597185
"10",1981-03-05,-1.55996258976572
"11",1981-03-12,-2.04790223868951
"12",1981-03-19,-0.932667968130607
"13",1981-03-26,-1.15635432077565
"14",1981-04-02,-0.417727245194259
"15",1981-04-09,-1.12334787255881
"16",1981-04-16,-0.399140571421051
"17",1981-04-23,-0.826394205707915
"18",1981-04-30,-0.15834775329471
"19",1981-05-07,0.582744230612525
"20",1981-05-14,0.558613999375144
"21",1981-05-21,-0.344784102436802
"22",1981-05-28,-1.40531165786526
"23",1981-06-04,-1.61917291267514
"24",1981-06-11,-0.895269118226897
"25",1981-06-18,-0.320607701629163
"26",1981-06-25,-1.64020344719403
"27",1981-07-02,-1.36474944362279
"28",1981-07-09,-0.667171310775763
"29",1981-07-16,-0.623546655580005
"30",1981-07-23,-0.533144256956093
"31",1981-07-30,-0.845648653776922
"32",1981-08-06,-1.61490518690163
"33",1981-08-13,0.145131917956574
"34",1981-08-20,0.419407679836289
"35",1981-08-27,0.290477622187409
"36",1981-09-03,-0.114713762149073
"37",1981-09-10,0.20230724596073
"38",1981-09-17,-0.158961620611502
"39",1981-09-24,-1.07909271107375
"40",1981-10-01,-0.861222520297523
"41",1981-10-08,-0.516979058561171
"42",1981-10-15,-1.07266194581896
"43",1981-10-22,-1.38686687533145
"44",1981-10-29,-1.02712144817645
"45",1981-11-05,0.0194953923317502
"46",1981-11-12,0.533268246948526
"47",1981-11-19,-0.522329634697411
"48",1981-11-26,0.350611884324319
"49",1981-12-03,-0.764826199769407
"50",1981-12-10,-1.42381472186634
"51",1981-12-17,-0.0305651102155364
"52",1981-12-24,-1.28858135057688
"53",1981-12-31,-1.854101114687
"54",1982-01-01,-1.73066838144751
"55",1982-01-08,0.0057409569564251
"56",1982-01-15,-0.135905134069439
"57",1982-01-22,-0.188699986532939
"58",1982-01-29,-0.363780115607873
"59",1982-02-05,-0.136434923270929
"60",1982-02-12,-0.415022074240135
"61",1982-02-19,-0.353838338145196
"62",1982-02-26,-0.644534704384242
"63",1982-03-05,-0.547866630154524
"64",1982-03-12,0.0329677159425047
"65",1982-03-19,0.7151891317907
"66",1982-03-26,-0.470901836769076
"67",1982-04-02,-0.0462337227320025
"68",1982-04-09,-0.774425074456787
"69",1982-04-16,0.314070312245754
"70",1982-04-23,0.870927733017083
"71",1982-04-30,0.432305015224647
"72",1982-05-07,-1.3643813261254
"73",1982-05-14,-0.133678761356911
"74",1982-05-21,-0.659669743990084
"75",1982-05-28,-0.32022257673042
"76",1982-06-04,-0.285447040644852
"77",1982-06-11,0.123086141997178
"78",1982-06-18,-1.10393096895405
"79",1982-06-25,-1.36919423678982
"80",1982-07-02,-1.16203592238742
"81",1982-07-09,0.393067437159157
"82",1982-07-16,-0.500341396665442
"83",1982-07-23,-0.013995554274576
"84",1982-07-30,0.0950024416035025
"85",1982-08-06,0.135362084244508
"86",1982-08-13,-0.558671614474501
"87",1982-08-20,0.274766825353586
"88",1982-08-27,-1.06550592257306
"89",1982-09-03,-1.37634243495946
"90",1982-09-10,-1.0507746495345
"91",1982-09-17,-1.22734599671364
"92",1982-09-24,-1.09466987636724
"93",1982-10-01,0.0346702720378108
"94",1982-10-08,-0.0486643586456344
"95",1982-10-15,-0.464347156548398
"96",1982-10-22,-1.41709341304158
"97",1982-10-29,-0.861922609863219
"98",1982-11-05,-1.13920567932228
"99",1982-11-12,-1.18634233205155
"100",1982-11-19,-0.398421357224425
"101",1982-11-26,-1.22078449601818
"102",1982-12-03,-0.767458589465692
"103",1982-12-10,-2.15821907999462
"104",1982-12-17,-2.05494853140863
"105",1982-12-24,-1.35983220836058
"106",1982-12-31,-0.109742519587445
"107",1983-01-01,-0.619194183601433
"108",1983-01-08,-1.35355931060668
"109",1983-01-15,-1.25968712436626
"110",1983-01-22,-0.890099871824136
"111",1983-01-29,-1.70510452174382
"112",1983-02-05,-1.00393523355908
"113",1983-02-12,-0.70417006389119
"114",1983-02-19,-0.312196993915696
"115",1983-02-26,-0.22066216431165
"116",1983-03-05,-1.56770272848859
"117",1983-03-12,-0.868240940548118
"118",1983-03-19,-2.04329947286878
"119",1983-03-26,-1.35854660991288
"120",1983-04-02,-0.543132738841994
"121",1983-04-09,-1.67751691941268
"122",1983-04-16,-1.4493554010241
"123",1983-04-23,-2.83547012696162
"124",1983-04-30,-2.69061001732617
"125",1983-05-07,-1.68878134224018
"126",1983-05-14,-2.58335884888065
"127",1983-05-21,-1.52526460764583
"128",1983-05-28,-1.08385341320687
"129",1983-06-04,-0.633021063611494
"130",1983-06-11,0.9745488260281
"131",1983-06-18,0.754036423998122
"132",1983-06-25,0.147494740299387
"133",1983-07-02,-0.104660752844428
"134",1983-07-09,-0.028485436994045
"135",1983-07-16,-0.177607686799662
"136",1983-07-23,-0.436641531048531
"137",1983-07-30,-0.243754960053015
"138",1983-08-06,0.420529040899293
"139",1983-08-13,0.528216814974902
"140",1983-08-20,-0.409182913792583
"141",1983-08-27,-0.750115398942614
"142",1983-09-03,-0.389857241751137
"143",1983-09-10,-1.43030348772638
"144",1983-09-17,0.120090092573928
"145",1983-09-24,0.520352710513003
"146",1983-10-01,-0.268233744639787
"147",1983-10-08,-0.278723908808664
"148",1983-10-15,-0.885158385077189
"149",1983-10-22,-0.646849257414688
"150",1983-10-29,-0.80533679836394
"151",1983-11-05,-1.25814336223747
"152",1983-11-12,-1.00506431455022
"153",1983-11-19,-0.907718414966767
"154",1983-11-26,-0.447323600565656
"155",1983-12-03,0.131901954966281
"156",1983-12-10,0.00957859279214941
"157",1983-12-17,-0.859921121944846
"158",1983-12-24,-1.97807392828466
"159",1983-12-31,-0.895807473604799
"160",1984-01-01,-1.5926539557757
"161",1984-01-08,-0.511113406445425
"162",1984-01-15,-0.802199574957918
"163",1984-01-22,-0.869910275167935
"164",1984-01-29,-1.47360357424253
"165",1984-02-05,-0.679387681748466
"166",1984-02-12,0.155174261925214
"167",1984-02-19,-0.595667591510997
"168",1984-02-26,-0.842651917096635
"169",1984-03-04,0.0311346320139214
"170",1984-03-11,0.485224049329184
"171",1984-03-18,0.601371027682685
"172",1984-03-25,-0.161635255668223
"173",1984-04-01,-0.0720767198448999
"174",1984-04-08,0.145870430991313
"175",1984-04-15,-0.18101346148219
"176",1984-04-22,0.933273923587101
"177",1984-04-29,0.037357726825295
"178",1984-05-06,-0.101989001599463
"179",1984-05-13,-0.107777302253494
"180",1984-05-20,-0.798404517658849
"181",1984-05-27,-0.611373181287714
"182",1984-06-03,-0.870832126340047
"183",1984-06-10,-0.386593291888937
"184",1984-06-17,-0.94861531455018
"185",1984-06-24,-0.19348044789268
"186",1984-07-01,-1.18184931170834
"187",1984-07-08,-1.07385051249974
"188",1984-07-15,-1.29361776884515
"189",1984-07-22,-0.761566844119283
"190",1984-07-29,-0.489436560137805
"191",1984-08-05,-1.23637879164521
"192",1984-08-12,0.13372961686771
"193",1984-08-19,0.92995827917424
"194",1984-08-26,0.471968646138321
"195",1984-09-02,-1.3092142046968
"196",1984-09-09,-0.927984460596229
"197",1984-09-16,-0.922792752275589
"198",1984-09-23,0.0424493497114807
"199",1984-09-30,-1.80075287272163
"200",1984-10-07,-1.91383049118198
"201",1984-10-14,-1.49287597396759
"202",1984-10-21,-2.92217835483072
"203",1984-10-28,-2.26337477984052
"204",1984-11-04,-2.72415551645733
"205",1984-11-11,-2.12975021448943
"206",1984-11-18,-1.25768849667023
"207",1984-11-25,-1.40457319861521
"208",1984-12-02,-1.22236331534855
"209",1984-12-09,-1.48353150706972
"210",1984-12-16,-1.70316238447331
"211",1984-12-23,-1.09810576634048
"212",1984-12-30,-1.0129063813334
"213",1985-01-01,-0.856895437817917
"214",1985-01-08,-0.52670482222585
"215",1985-01-15,-0.703505249352332
"216",1985-01-22,-1.26545240106134
"217",1985-01-29,-0.471576559467457
"218",1985-02-05,-0.349884011690365
"219",1985-02-12,0.151027050961953
"220",1985-02-19,-0.462007926185344
"221",1985-02-26,-0.246710822404006
"222",1985-03-05,-0.069746212473881
"223",1985-03-12,-0.187767281340402
"224",1985-03-19,0.0426219299053181
"225",1985-03-26,0.0306133446320356
"226",1985-04-02,-1.14239989658942
"227",1985-04-09,-1.54138936364788
"228",1985-04-16,-0.331945605819017
"229",1985-04-23,-0.427407246253228
"230",1985-04-30,-0.214302367399941
"231",1985-05-07,-1.08197280003442
"232",1985-05-14,-1.2253261285437
"233",1985-05-21,-1.07525167182847
"234",1985-05-28,-0.501293806393199
"235",1985-06-04,-0.738526115579693
"236",1985-06-11,-0.897226364988
"237",1985-06-18,0.19061376987107
"238",1985-06-25,0.0777631218047587
"239",1985-07-02,-0.0112757013628165
"240",1985-07-09,-0.352390371970036
"241",1985-07-16,-1.16294570308414
"242",1985-07-23,-1.61227003477166
"243",1985-07-30,-1.8212523403345
"244",1985-08-06,-0.585798832341902
"245",1985-08-13,-1.93441669826176
"246",1985-08-20,-2.3256560793595
"247",1985-08-27,-0.470964179230423
"248",1985-09-03,-0.333793921443202
"249",1985-09-10,0.125834839741991
"250",1985-09-17,-1.47163739702911
"251",1985-09-24,-1.60930388428663
"252",1985-10-01,-2.56144238918256
"253",1985-10-08,-2.5338692425009
"254",1985-10-15,-0.454291260751931
"255",1985-10-22,-0.695823211790745
"256",1985-10-29,-1.27606407490634
"257",1985-11-05,-0.729322149351825
"258",1985-11-12,-1.1122307413832
"259",1985-11-19,-0.595176228598789
"260",1985-11-26,-0.153073387144071
"261",1985-12-03,-1.77304503418276
"262",1985-12-10,-1.28238887204291
"263",1985-12-17,-0.826336036985655
"264",1985-12-24,-1.56341782175475
"265",1985-12-31,-1.90611350496731
"266",1986-01-01,-1.72336122505106
"267",1986-01-08,-0.264855927746454
"268",1986-01-15,-0.590746426639305
"269",1986-01-22,-1.08329435572689
"270",1986-01-29,-0.548367473608229
"271",1986-02-05,0.187429991804333
"272",1986-02-12,-0.278056083142433
"273",1986-02-19,-1.26412625077159
"274",1986-02-26,0.34351638652908
"275",1986-03-05,-0.47548566592615
"276",1986-03-12,-0.0421003859190425
"277",1986-03-19,-0.266323455986895
"278",1986-03-26,-1.68663920837896
"279",1986-04-02,-2.09763954370642
"280",1986-04-09,-1.36643605259348
"281",1986-04-16,-1.24538262189874
"282",1986-04-23,-2.34729560384889
"283",1986-04-30,-0.941936197908208
"284",1986-05-07,-0.542178945593614
"285",1986-05-14,-0.926126208296367
"286",1986-05-21,-1.33011752777552
"287",1986-05-28,-1.25130259574283
"288",1986-06-04,-0.0431676046198723
"289",1986-06-11,-0.54824963534194
"290",1986-06-18,-0.920307308208967
"291",1986-06-25,0.3490434882355
"292",1986-07-02,0.342567690848214
"293",1986-07-09,0.248423955996487
"294",1986-07-16,0.251544397033427
"295",1986-07-23,0.167068896895253
"296",1986-07-30,-0.925292506328639
"297",1986-08-06,-0.618299900333467
"298",1986-08-13,-0.684827203271308
"299",1986-08-20,-1.07563929207411
"300",1986-08-27,-1.6549024841991
"301",1986-09-03,-2.05850113748294
"302",1986-09-10,-3.04085492653235
"303",1986-09-17,-2.5609454488319
"304",1986-09-24,-1.84574519218981
"305",1986-10-01,-2.26744724795677
"306",1986-10-08,-2.75124638993369
"307",1986-10-15,-1.58416175294383
"308",1986-10-22,-0.634089223347281
"309",1986-10-29,-0.229106122368089
"310",1986-11-05,-0.0378734317541588
"311",1986-11-12,-1.41030624211949
"312",1986-11-19,-2.29143233179966
"313",1986-11-26,-2.26910776198943
"314",1986-12-03,-2.61910856365635
"315",1986-12-10,-2.73801220496635
"316",1986-12-17,-1.18088033097138
"317",1986-12-24,-1.38735777267623
"318",1986-12-31,-1.4581094097531
"319",1987-01-01,-0.486694635408222
"320",1987-01-08,-0.235391983855297
"321",1987-01-15,-0.511768664437097
"322",1987-01-22,-0.352801382352311
"323",1987-01-29,-0.273925599488497
"324",1987-02-05,-0.458928281424182
"325",1987-02-12,-2.13554024108815
"326",1987-02-19,-1.19273798587498
"327",1987-02-26,0.0452871466945233
"328",1987-03-05,-0.0669414777430972
"329",1987-03-12,0.187060637683344
"330",1987-03-19,0.471087906369389
"331",1987-03-26,-0.372837090398167
"332",1987-04-02,0.141467142243872
"333",1987-04-09,0.108690904830321
"334",1987-04-16,-0.565836068897719
"335",1987-04-23,0.183800150308335
"336",1987-04-30,0.0102985404912895
"337",1987-05-07,0.69099517462956
"338",1987-05-14,-0.298695455577398
"339",1987-05-21,0.707920850624282
"340",1987-05-28,0.621550135991042
"341",1987-06-04,-0.534116249233147
"342",1987-06-11,-2.09706642005838
"343",1987-06-18,0.0380178165531635
"344",1987-06-25,-0.704971816431555
"345",1987-07-02,-0.0137550899443379
"346",1987-07-09,-0.811187326778586
"347",1987-07-16,-2.29839449974307
"348",1987-07-23,-1.98154023117137
"349",1987-07-30,-0.770220566983985
"350",1987-08-06,-1.09823984621671
"351",1987-08-13,-0.385151077432046
"352",1987-08-20,-0.127515927807173
"353",1987-08-27,-1.66626034070081
"354",1987-09-03,-2.3112570601129
"355",1987-09-10,-2.89698890509354
"356",1987-09-17,-2.98393293538393
"357",1987-09-24,-2.31791209244336
"358",1987-10-01,-0.188406036063198
"359",1987-10-08,-0.522304058947609
"360",1987-10-15,-0.752342435991907
"361",1987-10-22,-0.940679338013033
"362",1987-10-29,-0.312664407835815
"363",1987-11-05,-0.68360187804794
"364",1987-11-12,-1.97358094289855
"365",1987-11-19,-1.01918925331448
"366",1987-11-26,-1.93336005987281
"367",1987-12-03,-0.540951298142777
"368",1987-12-10,0.204574062300742
"369",1987-12-17,-0.80614394496175
"370",1987-12-24,-0.736417914798077
"371",1987-12-31,-1.97349991045353
"372",1988-01-01,-1.90682252782526
"373",1988-01-08,-1.43594791323579
"374",1988-01-15,-0.897314225511712
"375",1988-01-22,-1.27683551713845
"376",1988-01-29,-1.07396819916155
"377",1988-02-05,-1.65481343646003
"378",1988-02-12,-0.925257331063438
"379",1988-02-19,-0.550600107574185
"380",1988-02-26,-0.199203209328142
"381",1988-03-04,0.000820040983274919
"382",1988-03-11,-0.557538513631449
"383",1988-03-18,-0.177008351821934
"384",1988-03-25,0.111951518697511
"385",1988-04-01,-0.243948412807726
"386",1988-04-08,-0.776210495307671
"387",1988-04-15,0.413692677174498
"388",1988-04-22,-0.129074378078577
"389",1988-04-29,-0.368493626559505
"390",1988-05-06,-0.870083315842128
"391",1988-05-13,-0.660490952033674
"392",1988-05-20,-0.141849350197506
"393",1988-05-27,-0.189798786924486
"394",1988-06-03,-0.132392727574152
"395",1988-06-10,-0.589799191386849
"396",1988-06-17,-0.332389794517044
"397",1988-06-24,-0.0798197593547206
"398",1988-07-01,-2.25749676970402
"399",1988-07-08,-1.87784492385665
"400",1988-07-15,-1.30581481224687
"401",1988-07-22,-1.83679309256388
"402",1988-07-29,-1.68957950316517
"403",1988-08-05,-2.0223794402266
"404",1988-08-12,-2.44857193874895
"405",1988-08-19,-1.28371608285254
"406",1988-08-26,-1.6102670638953
"407",1988-09-02,-1.33150728275457
"408",1988-09-09,-0.777708118998257
"409",1988-09-16,-0.160347764714398
"410",1988-09-23,-0.594096186517468
"411",1988-09-30,-0.844558884080969
"412",1988-10-07,-0.389530058882941
"413",1988-10-14,-1.33678929461245
"414",1988-10-21,-0.811525335090431
"415",1988-10-28,-0.0245385564065977
"416",1988-11-04,0.598044502077785
"417",1988-11-11,0.33918343574452
"418",1988-11-18,0.283570982300512
"419",1988-11-25,0.392625196784734
"420",1988-12-02,-1.17888807839335
"421",1988-12-09,-0.109278665897607
"422",1988-12-16,0.220836461519429
"423",1988-12-23,-0.671018751744249
"424",1988-12-30,-0.607580595846564
"425",1989-01-01,-0.504693761671504
"426",1989-01-08,-0.72283349754547
"427",1989-01-15,-1.10575339246588
"428",1989-01-22,-0.97881117789595
"429",1989-01-29,-1.30305559183491
"430",1989-02-05,-1.45749308900704
"431",1989-02-12,-1.50803492088238
"432",1989-02-19,-2.72440213543868
"433",1989-02-26,-2.18419021228394
"434",1989-03-05,-1.01045481815376
"435",1989-03-12,-1.53646322907428
"436",1989-03-19,-1.96157814170056
"437",1989-03-26,-1.86863534557501
"438",1989-04-02,-2.47605692710691
"439",1989-04-09,-2.33274955120222
"440",1989-04-16,-1.50228763609823
"441",1989-04-23,-1.74082004249577
"442",1989-04-30,-0.0236924131708628
"443",1989-05-07,0.101714378968637
"444",1989-05-14,-1.0060277798491
"445",1989-05-21,0.296394712404372
"446",1989-05-28,-0.0586092747779043
"447",1989-06-04,0.0262443475591778
"448",1989-06-11,0.936555243637252
"449",1989-06-18,0.763886358385406
"450",1989-06-25,0.0530896184411746
"451",1989-07-02,-0.352615574934
"452",1989-07-09,-1.16069851309997
"453",1989-07-16,0.00250983548705145
"454",1989-07-23,-0.26625018001736
"455",1989-07-30,0.469487175994943
"456",1989-08-06,-0.358579693153117
"457",1989-08-13,-0.997761122436154
"458",1989-08-20,-1.39144843955579
"459",1989-08-27,0.330563688127035
"460",1989-09-03,0.235249606464573
"461",1989-09-10,0.174735119461867
"462",1989-09-17,-0.579664564694546
"463",1989-09-24,-0.294671421821278
"464",1989-10-01,1.2923682912776
"465",1989-10-08,0.64690929569618
"466",1989-10-15,0.321820622297238
"467",1989-10-22,-1.13395204739529
"468",1989-10-29,-1.80330651146571
"469",1989-11-05,-1.42456608518452
"470",1989-11-12,0.292782555051914
"471",1989-11-19,-0.146465032085431
"472",1989-11-26,0.208997785267407
"473",1989-12-03,-0.221813490258702
"474",1989-12-10,-0.128577767243549
"475",1989-12-17,-2.4736802811075
"476",1989-12-24,-0.963846341676612
"477",1989-12-31,-0.349653608146335
"478",1990-01-01,-0.657734944444878
"479",1990-01-08,-0.737571925995969
"480",1990-01-15,-0.736330272237797
"481",1990-01-22,-1.19386163806529
"482",1990-01-29,-2.12517653787135
"483",1990-02-05,-1.30740614255501
"484",1990-02-12,-1.43174046120958
"485",1990-02-19,-2.21302516199933
"486",1990-02-26,-1.69563410575619
"487",1990-03-05,-2.18711166176884
"488",1990-03-12,-2.60972367922057
"489",1990-03-19,-3.932766590254
"490",1990-03-26,-2.81082088911493
"491",1990-04-02,-2.54209776576584
"492",1990-04-09,-0.355292418779863
"493",1990-04-16,-0.691196688137645
"494",1990-04-23,-0.550394882513829
"495",1990-04-30,-0.329259606988984
"496",1990-05-07,-0.821772495866178
"497",1990-05-14,-1.24215831004404
"498",1990-05-21,-1.25676335879133
"499",1990-05-28,0.267762631012702
"500",1990-06-04,-0.687898953458895
"501",1990-06-11,-0.099510476747273
"502",1990-06-18,-0.91450871137333
"503",1990-06-25,-1.71890442226252
"504",1990-07-02,-1.78781558288769
"505",1990-07-09,-1.60304888384992
"506",1990-07-16,-1.15660387431394
"507",1990-07-23,-0.934271199704625
"508",1990-07-30,-1.46363419178603
"509",1990-08-06,-0.660961313979681
"510",1990-08-13,-0.973221685914907
"511",1990-08-20,-0.663875406596506
"512",1990-08-27,-2.0036505837048
"513",1990-09-03,-0.963784829496594
"514",1990-09-10,-0.159609000102434
"515",1990-09-17,-0.622474688729318
"516",1990-09-24,-0.820823545287808
"517",1990-10-01,-1.54411275985123
"518",1990-10-08,-1.34414992836273
"519",1990-10-15,-2.34019203749657
"520",1990-10-22,-0.62833816477938
"521",1990-10-29,-2.16189344696266
"522",1990-11-05,-0.0754378210132841
"523",1990-11-12,-1.08123762529096
"524",1990-11-19,-2.77275578948824
"525",1990-11-26,-1.68887718512575
"526",1990-12-03,-0.199061269356938
"527",1990-12-10,-1.26307411195521
"528",1990-12-17,-0.07799697940784
"529",1990-12-24,-0.319988199714362
"530",1990-12-31,-0.69612635715391
"531",1991-01-01,-1.30247881650342
"532",1991-01-08,-2.01801051185618
"533",1991-01-15,-0.283533373532207
"534",1991-01-22,-0.664216529741643
"535",1991-01-29,-0.689499344927068
"536",1991-02-05,-0.354996151006134
"537",1991-02-12,-0.279067697187771
"538",1991-02-19,-0.409415746845111
"539",1991-02-26,-0.340746192233873
"540",1991-03-05,-0.761691946467918
"541",1991-03-12,-0.748419070206649
"542",1991-03-19,-1.7178597618977
"543",1991-03-26,-0.353518205637211
"544",1991-04-02,0.0632235560285808
"545",1991-04-09,0.0583186665473673
"546",1991-04-16,-0.269144826589167
"547",1991-04-23,0.693000206742465
"548",1991-04-30,-0.332363241201815
"549",1991-05-07,0.460690634068654
"550",1991-05-14,1.5091639150675
"551",1991-05-21,1.58226451704824
"552",1991-05-28,1.34730512430944
"553",1991-06-04,0.551579494465531
"554",1991-06-11,-0.756672867919775
"555",1991-06-18,-0.991143276261546
"556",1991-06-25,-0.429284389617994
"557",1991-07-02,0.820410134705496
"558",1991-07-09,-0.879261259829292
"559",1991-07-16,-0.270942998527032
"560",1991-07-23,0.381715364968785
"561",1991-07-30,0.622521227982403
"562",1991-08-06,-0.289535249505879
"563",1991-08-13,0.40066096438623
"564",1991-08-20,0.588961774570695
"565",1991-08-27,0.468802170398261
"566",1991-09-03,-0.0434300207190084
"567",1991-09-10,-0.915744042498432
"568",1991-09-17,-0.67195526847679
"569",1991-09-24,-1.26912831367622
"570",1991-10-01,-0.595595065512967
"571",1991-10-08,-0.72422515645739
"572",1991-10-15,-1.84416052148153
"573",1991-10-22,0.738026683761856
"574",1991-10-29,0.812618817835609
"575",1991-11-05,-0.533797181031928
"576",1991-11-12,-1.09016634150291
"577",1991-11-19,-1.43470987001204
"578",1991-11-26,-0.504308609506907
"579",1991-12-03,-0.227909540635352
"580",1991-12-10,-0.36945258078907
"581",1991-12-17,-0.143083968736
"582",1991-12-24,-0.278664789086083
"583",1991-12-31,-0.637817475453646
"584",1992-01-01,-0.613474300323365
"585",1992-01-08,-1.19659005685495
"586",1992-01-15,-0.827132581173648
"587",1992-01-22,-0.592514833196444
"588",1992-01-29,-0.82360351464086
"589",1992-02-05,-0.657688045987482
"590",1992-02-12,-1.75362374542539
"591",1992-02-19,-0.462128899949408
"592",1992-02-26,-1.03183613740164
"593",1992-03-04,-1.47974935525811
"594",1992-03-11,-1.28853270265328
"595",1992-03-18,-0.371363330885376
"596",1992-03-25,-0.772798780627638
"597",1992-04-01,-1.00610457264551
"598",1992-04-08,0.545731503264851
"599",1992-04-15,0.0256236514547704
"600",1992-04-22,-0.654912860654132
"601",1992-04-29,-1.18983883462031
"602",1992-05-06,-1.98861693052992
"603",1992-05-13,-1.00237193908355
"604",1992-05-20,-0.0285020557606521
"605",1992-05-27,-0.115054018216006
"606",1992-06-03,-0.174037095795776
"607",1992-06-10,0.246286370695572
"608",1992-06-17,-0.182678964026779
"609",1992-06-24,0.790444730836737
"610",1992-07-01,0.469643049599512
"611",1992-07-08,0.114657985845053
"612",1992-07-15,0.284735849669336
"613",1992-07-22,-0.0902429974777516
"614",1992-07-29,-0.67135507130508
"615",1992-08-05,-1.5346390910495
"616",1992-08-12,-1.81411330098129
"617",1992-08-19,-2.05786083234681
"618",1992-08-26,-2.70871973647991
"619",1992-09-02,-1.5242019459312
"620",1992-09-09,-1.69836684573993
"621",1992-09-16,-2.08641613353936
"622",1992-09-23,-2.04768804530368
"623",1992-09-30,-1.43285959866456
"624",1992-10-07,-1.05165297591039
"625",1992-10-14,-0.598413897869575
"626",1992-10-21,-0.700250545359633
"627",1992-10-28,-2.09484882995915
"628",1992-11-04,-1.89392051772364
"629",1992-11-11,-0.592200178000224
"630",1992-11-18,-0.695169123481303
"631",1992-11-25,-0.835079778786566
"632",1992-12-02,-0.959245864004484
"633",1992-12-09,-0.918830506401255
"634",1992-12-16,-0.477748896305767
"635",1992-12-23,-0.963970036491602
"636",1992-12-30,-0.988480770985471
"637",1993-01-01,-0.995882391199913
"638",1993-01-08,-0.748522210876136
"639",1993-01-15,-1.4131515149204
"640",1993-01-22,-1.88275109651251
"641",1993-01-29,-0.977505696541086
"642",1993-02-05,-1.10561767628757
"643",1993-02-12,-1.32189090072056
"644",1993-02-19,-0.58326734141683
"645",1993-02-26,-0.127487598025563
"646",1993-03-05,-0.0525243434579023
"647",1993-03-12,0.129728282265432
"648",1993-03-19,-1.89490984190434
"649",1993-03-26,0.374397239587413
"650",1993-04-02,0.406973122867049
"651",1993-04-09,-0.215951558777983
"652",1993-04-16,-0.520955853481111
"653",1993-04-23,-1.4696462148867
"654",1993-04-30,-0.692852457804625
"655",1993-05-07,0.0737495280531684
"656",1993-05-14,0.00411686193796898
"657",1993-05-21,-0.604076686178821
"658",1993-05-28,-1.71867181203093
"659",1993-06-04,-0.994064090650543
"660",1993-06-11,-1.25924205739578
"661",1993-06-18,-1.43171424814523
"662",1993-06-25,-1.3525047570878
"663",1993-07-02,-1.69187042009765
"664",1993-07-09,-1.30313379051109
"665",1993-07-16,-1.95453461016335
"666",1993-07-23,-0.790943580332345
"667",1993-07-30,-2.23249884643556
"668",1993-08-06,-1.12145260284296
"669",1993-08-13,-1.07722410892833
"670",1993-08-20,-1.85957335500387
"671",1993-08-27,-0.479662756812455
"672",1993-09-03,0.0834729482595932
"673",1993-09-10,-1.10283995546719
"674",1993-09-17,-1.08492368848423
"675",1993-09-24,-1.73550748474591
"676",1993-10-01,-0.254648229870008
"677",1993-10-08,-1.70581673401778
"678",1993-10-15,-2.7968761850279
"679",1993-10-22,-2.70253840896104
"680",1993-10-29,-2.16813376635591
"681",1993-11-05,-1.90775467178664
"682",1993-11-12,-0.015079787026372
"683",1993-11-19,0.0524541196724551
"684",1993-11-26,-0.339291270632893
"685",1993-12-03,-0.399605053015463
"686",1993-12-10,-1.24023894047286
"687",1993-12-17,-1.59334353469092
"688",1993-12-24,-1.36551293539402
"689",1993-12-31,-0.588197997087221
"690",1994-01-01,-1.15504430484676
"691",1994-01-08,-2.31572264570287
"692",1994-01-15,-1.38004130258928
"693",1994-01-22,-0.939309392138409
"694",1994-01-29,-1.08515128214764
"695",1994-02-05,-1.16108113956244
"696",1994-02-12,-0.445210028726812
"697",1994-02-19,-0.792759238477855
"698",1994-02-26,-2.06103800760812
"699",1994-03-05,-1.10185333506909
"700",1994-03-12,-1.90210119867099
"701",1994-03-19,-1.78776239032519
"702",1994-03-26,-1.07163852145315
"703",1994-04-02,-0.434468594210574
"704",1994-04-09,-0.704981986241166
"705",1994-04-16,-1.56678638095016
"706",1994-04-23,-0.747683903341418
"707",1994-04-30,-0.150139563654361
"708",1994-05-07,0.66921576787234
"709",1994-05-14,-1.48125959962276
"710",1994-05-21,-2.60677236778394
"711",1994-05-28,-2.28592887174798
"712",1994-06-04,-1.13313233033283
"713",1994-06-11,0.0481182787914222
"714",1994-06-18,-0.864290720893566
"715",1994-06-25,-1.8221379785228
"716",1994-07-02,-1.20462831653762
"717",1994-07-09,0.525180141451975
"718",1994-07-16,-0.447123956906192
"719",1994-07-23,-0.187950639374886
"720",1994-07-30,-0.787904846823342
"721",1994-08-06,-1.2612414576985
"722",1994-08-13,-1.42043232832862
"723",1994-08-20,-1.18011803125202
"724",1994-08-27,-0.995583341570511
"725",1994-09-03,-2.20394494057776
"726",1994-09-10,-2.88392265396482
"727",1994-09-17,-1.28804636796192
"728",1994-09-24,-2.39922095440459
"729",1994-10-01,-1.48672455817225
"730",1994-10-08,0.293851808445048
"731",1994-10-15,-0.359616469304059
"732",1994-10-22,-0.666908652940507
"733",1994-10-29,-1.57014629484003
"734",1994-11-05,-0.695295152417811
"735",1994-11-12,-0.151123002940164
"736",1994-11-19,-0.752485660540804
"737",1994-11-26,-1.14309262184631
"738",1994-12-03,-1.28488351424612
"739",1994-12-10,-1.4926708785701
"740",1994-12-17,-1.02301321843772
"741",1994-12-24,-0.749019288824205
"742",1994-12-31,-1.81487107440068
"743",1995-01-01,-0.425600925992083
"744",1995-01-08,-0.158235142633579
"745",1995-01-15,-0.278537459755231
"746",1995-01-22,-0.913155955605518
"747",1995-01-29,-0.761959246465047
"748",1995-02-05,-1.01343916040535
"749",1995-02-12,-2.07470695314425
"750",1995-02-19,-2.24295511184706
"751",1995-02-26,-2.37941636950606
"752",1995-03-05,-1.48772879792061
"753",1995-03-12,-0.0381262981425632
"754",1995-03-19,-0.231365594706625
"755",1995-03-26,0.171208895156757
"756",1995-04-02,-0.4401622893774
"757",1995-04-09,0.59135337259653
"758",1995-04-16,-0.776041086369878
"759",1995-04-23,-0.978021329503962
"760",1995-04-30,0.282050486798515
"761",1995-05-07,-0.625278962050587
"762",1995-05-14,0.192869998428547
"763",1995-05-21,0.0214731334645833
"764",1995-05-28,-1.51603807772068
"765",1995-06-04,-0.543546214110835
"766",1995-06-11,-0.892010856315832
"767",1995-06-18,-0.590660322561823
"768",1995-06-25,-0.0558382200953192
"769",1995-07-02,-0.583570958077576
"770",1995-07-09,-0.320197002926953
"771",1995-07-16,-0.175982863242168
"772",1995-07-23,-0.68019107025287
"773",1995-07-30,0.227229601694438
"774",1995-08-06,-0.110350569342167
"775",1995-08-13,0.135788444715172
"776",1995-08-20,-0.0206702022529049
"777",1995-08-27,1.22279753169369
"778",1995-09-03,0.236174935103157
"779",1995-09-10,-0.360048502025568
"780",1995-09-17,0.310301511241874
"781",1995-09-24,1.00756228430882
"782",1995-10-01,0.69475648796226
"783",1995-10-08,-0.792748400074042
"784",1995-10-15,-1.58342787288763
"785",1995-10-22,-1.10742850172904
"786",1995-10-29,-0.60761838135508
"787",1995-11-05,0.72151283892387
"788",1995-11-12,-0.787448698800542
"789",1995-11-19,0.597103151164557
"790",1995-11-26,-0.221751871509141
"791",1995-12-03,0.102838539194831
"792",1995-12-10,-0.0784621256215394
"793",1995-12-17,-0.274043763305097
"794",1995-12-24,-1.94808553418988
"795",1995-12-31,0.359557033457732
"796",1996-01-01,-0.105908183908248
"797",1996-01-08,-0.858524126191535
"798",1996-01-15,-0.161856370475087
"799",1996-01-22,-0.238785360455584
"800",1996-01-29,0.0742195922603048
"801",1996-02-05,0.28785036868953
"802",1996-02-12,-0.264829709659142
"803",1996-02-19,-0.158049238530334
"804",1996-02-26,0.250636528358095
"805",1996-03-04,0.0809950298143413
"806",1996-03-11,0.463654030112495
"807",1996-03-18,0.575708161255137
"808",1996-03-25,0.71883803905627
"809",1996-04-01,0.396674815560518
"810",1996-04-08,0.455208440415144
"811",1996-04-15,0.982780367111012
"812",1996-04-22,-0.99072404593589
"813",1996-04-29,-1.28244789565196
"814",1996-05-06,-1.4029652184532
"815",1996-05-13,-0.692561110561317
"816",1996-05-20,-1.24173869759544
"817",1996-05-27,-0.253855908227858
"818",1996-06-03,-1.34006946467151
"819",1996-06-10,-1.33651277069581
"820",1996-06-17,-1.36433317033654
"821",1996-06-24,-0.902000684241933
"822",1996-07-01,-2.00672968525653
"823",1996-07-08,-1.40439888286148
"824",1996-07-15,-0.566525700686096
"825",1996-07-22,-0.562293423369177
"826",1996-07-29,-1.44032947046584
"827",1996-08-05,-0.59059348108276
"828",1996-08-12,-0.222678938341781
"829",1996-08-19,0.529518463502464
"830",1996-08-26,-0.528407936701581
"831",1996-09-02,0.928886244074495
"832",1996-09-09,1.2133533496472
"833",1996-09-16,1.31534192902818
"834",1996-09-23,0.744332599407468
"835",1996-09-30,0.437141783818109
"836",1996-10-07,0.285587589741058
"837",1996-10-14,-0.604376864196978
"838",1996-10-21,0.731875595114005
"839",1996-10-28,-0.0015962645426205
"840",1996-11-04,-1.27306315128954
"841",1996-11-11,-1.79871805465518
"842",1996-11-18,-1.95991415629637
"843",1996-11-25,-0.42945532173947
"844",1996-12-02,-0.686755860055731
"845",1996-12-09,-1.00787910941907
"846",1996-12-16,-1.29295177856714
"847",1996-12-23,0.319638617971105
"848",1996-12-30,0.309859131047918
"849",1997-01-01,-0.710565318655908
"850",1997-01-08,-0.583879678493594
"851",1997-01-15,-0.400434133450809
"852",1997-01-22,-0.435663930490564
"853",1997-01-29,-0.551054496371642
"854",1997-02-05,-0.624139305842206
"855",1997-02-12,-1.47766061146633
"856",1997-02-19,-0.927358820015946
"857",1997-02-26,-1.30991444247442
"858",1997-03-05,-1.00613945300565
"859",1997-03-12,-1.11170666844173
"860",1997-03-19,0.177414404838234
"861",1997-03-26,0.391853472276349
"862",1997-04-02,1.3301166181469
"863",1997-04-09,0.86124318996959
"864",1997-04-16,0.805273768551167
"865",1997-04-23,0.707759902114388
"866",1997-04-30,-0.360113959677081
"867",1997-05-07,-1.32355615781479
"868",1997-05-14,-2.29966019530324
"869",1997-05-21,-1.79185345416162
"870",1997-05-28,0.0820504408467549
"871",1997-06-04,0.0269492912273181
"872",1997-06-11,-1.00871775596815
"873",1997-06-18,-1.54874969737298
"874",1997-06-25,-0.95880820627207
"875",1997-07-02,-1.47124881762035
"876",1997-07-09,-0.067113455160502
"877",1997-07-16,0.188786509467488
"878",1997-07-23,0.276061921356578
"879",1997-07-30,0.768359152345468
"880",1997-08-06,0.68445859952977
"881",1997-08-13,0.706544350084774
"882",1997-08-20,1.11723389250543
"883",1997-08-27,0.110708088987845
"884",1997-09-03,-0.150110103672823
"885",1997-09-10,-0.2449281847133
"886",1997-09-17,0.0602299413950222
"887",1997-09-24,-0.934030289183722
"888",1997-10-01,-0.502696593882532
"889",1997-10-08,-0.931475266653128
"890",1997-10-15,1.34302771440123
"891",1997-10-22,1.13882156969553
"892",1997-10-29,1.53305824514965
"893",1997-11-05,-0.916147813144203
"894",1997-11-12,-0.962834483447928
"895",1997-11-19,0.320521823496818
"896",1997-11-26,-1.33557525320131
"897",1997-12-03,-0.207480411960398
"898",1997-12-10,0.0162720457131078
"899",1997-12-17,0.492675969901765
"900",1997-12-24,-1.25479010193659
"901",1997-12-31,-0.557366575510718
"902",1998-01-01,-1.38249712849953
"903",1998-01-08,-1.71513128269701
"904",1998-01-15,-1.68790473389297
"905",1998-01-22,0.311571552717219
"906",1998-01-29,0.00921083580479677
"907",1998-02-05,-0.010501308395548
"908",1998-02-12,-2.40738201514553
"909",1998-02-19,-1.96070359174811
"910",1998-02-26,-1.78280565984712
"911",1998-03-05,-1.53097542633996
"912",1998-03-12,-0.0607996174395487
"913",1998-03-19,0.111485240444439
"914",1998-03-26,0.24818938695651
"915",1998-04-02,-1.8777604762129
"916",1998-04-09,-1.62318099387198
"917",1998-04-16,-1.24865447131737
"918",1998-04-23,-0.56591971308963
"919",1998-04-30,-0.397576731016107
"920",1998-05-07,-0.60431030590765
"921",1998-05-14,0.828483010435156
"922",1998-05-21,0.583341568981689
"923",1998-05-28,-0.648312097116579
"924",1998-06-04,-1.35723584700798
"925",1998-06-11,-0.117036916939473
"926",1998-06-18,-0.373493178594271
"927",1998-06-25,-1.23745206454212
"928",1998-07-02,-0.872233435982
"929",1998-07-09,-0.43251388762866
"930",1998-07-16,-0.376579047203736
"931",1998-07-23,-1.9670047643082
"932",1998-07-30,-2.31454379767624
"933",1998-08-06,-1.92791805190752
"934",1998-08-13,-1.98451571867197
"935",1998-08-20,-0.872191153807689
"936",1998-08-27,-0.330032835880238
"937",1998-09-03,-0.134186107307326
"938",1998-09-10,0.213370474916098
"939",1998-09-17,1.15586724990921
"940",1998-09-24,-0.165355793441986
"941",1998-10-01,-0.258282039752622
"942",1998-10-08,-0.674109162555591
"943",1998-10-15,-0.303954332254878
"944",1998-10-22,0.0651860441598805
"945",1998-10-29,-0.5685714046387
"946",1998-11-05,-0.198814960359649
"947",1998-11-12,0.33688057350477
"948",1998-11-19,0.753629917456936
"949",1998-11-26,0.558380588221758
"950",1998-12-03,0.6814749055452
"951",1998-12-10,0.413503809929233
"952",1998-12-17,0.236805757669337
"953",1998-12-24,0.141564593137032
"954",1998-12-31,-0.0053172184840849
"955",1999-01-01,-0.38973383793335
"956",1999-01-08,-1.5900803454783
"957",1999-01-15,-0.435717641076002
"958",1999-01-22,-0.547950757739027
"959",1999-01-29,0.0110360562473943
"960",1999-02-05,-0.435281724944589
"961",1999-02-12,0.125868472011443
"962",1999-02-19,-0.259228239148656
"963",1999-02-26,-1.30620722157966
"964",1999-03-05,-1.63184913310072
"965",1999-03-12,-0.641785385351891
"966",1999-03-19,0.281475188506797
"967",1999-03-26,-0.216822971532952
"968",1999-04-02,-0.328783744521215
"969",1999-04-09,-0.669646015537253
"970",1999-04-16,-0.538861480390776
"971",1999-04-23,-0.245058952564176
"972",1999-04-30,-0.89758689371177
"973",1999-05-07,-0.00889665903588186
"974",1999-05-14,-0.256261068410286
"975",1999-05-21,-0.0831522906342168
"976",1999-05-28,-1.32156358638788
"977",1999-06-04,-1.36459784803574
"978",1999-06-11,-1.23436862113049
"979",1999-06-18,0.384816771574088
"980",1999-06-25,-0.00780276846519283
"981",1999-07-02,-0.731268599095193
"982",1999-07-09,-0.741471159117135
"983",1999-07-16,-0.10600574688588
"984",1999-07-23,-0.357038300941979
"985",1999-07-30,0.818999486000575
"986",1999-08-06,-1.20598138273406
"987",1999-08-13,-0.616782189708225
"988",1999-08-20,-0.30073653384884
"989",1999-08-27,0.168626270724265
"990",1999-09-03,0.516425735575471
"991",1999-09-10,0.0615476159988103
"992",1999-09-17,-0.699570848094772
"993",1999-09-24,-1.90020047978556
"994",1999-10-01,-1.689535647744
"995",1999-10-08,-1.04065470892992
"996",1999-10-15,-0.195227913081649
"997",1999-10-22,-0.833807406155808
"998",1999-10-29,-0.932903359286438
"999",1999-11-05,-0.472304649158358
"1000",1999-11-12,-0.268142454743217
"1001",1999-11-19,-0.188206748195947
"1002",1999-11-26,-0.0760672745490631
"1003",1999-12-03,-0.82618346403737
"1004",1999-12-10,-1.72962941009894
"1005",1999-12-17,-0.42606302953911
"1006",1999-12-24,-0.0445482803939486
"1007",1999-12-31,-0.0600554538897341
"1008",2000-01-01,0.0128258183696662
"1009",2000-01-08,-0.322774992216411
"1010",2000-01-15,-0.39810106025126
"1011",2000-01-22,-0.389179386767486
"1012",2000-01-29,-1.13801818960302
"1013",2000-02-05,-1.21279780601756
"1014",2000-02-12,-0.777450268601672
"1015",2000-02-19,0.177438096673944
"1016",2000-02-26,-0.285155098139695
"1017",2000-03-04,-0.528952625592859
"1018",2000-03-11,-0.407023967759873
"1019",2000-03-18,0.279018315110569
"1020",2000-03-25,-1.18783962280092
"1021",2000-04-01,-1.05166085983914
"1022",2000-04-08,-0.779848228895215
"1023",2000-04-15,-2.53804259258259
"1024",2000-04-22,-1.01684260658791
"1025",2000-04-29,-0.235122545429639
"1026",2000-05-06,-1.49985692574725
"1027",2000-05-13,-1.28627664344634
"1028",2000-05-20,-1.64809760012659
"1029",2000-05-27,-1.94222280667614
"1030",2000-06-03,-2.46877456161798
"1031",2000-06-10,-3.01226973090078
"1032",2000-06-17,-2.3249333099965
"1033",2000-06-24,-2.27079215895837
"1034",2000-07-01,-3.16321772643954
"1035",2000-07-08,-2.3686578930952
"1036",2000-07-15,-0.214477496383813
"1037",2000-07-22,-1.50728934137466
"1038",2000-07-29,-1.55029849485178
"1039",2000-08-05,-1.94677885801822
"1040",2000-08-12,-1.82433343836587
"1041",2000-08-19,-2.59299764456278
"1042",2000-08-26,-1.72734075246911
"1043",2000-09-02,-0.307466881269212
"1044",2000-09-09,-0.840024890954529
"1045",2000-09-16,-1.44884744535632
"1046",2000-09-23,0.145973741846517
"1047",2000-09-30,-1.42322406779378
"1048",2000-10-07,-0.613516397253144
"1049",2000-10-14,-1.44753739970848
"1050",2000-10-21,-1.64962260913445
"1051",2000-10-28,-1.93951825843261
"1052",2000-11-04,-2.64810740343622
"1053",2000-11-11,-2.62987343912109
"1054",2000-11-18,-3.34160427181998
"1055",2000-11-25,-1.89717591075637
"1056",2000-12-02,-2.05982276745445
"1057",2000-12-09,-2.65612932813624
"1058",2000-12-16,-1.92559831531158
"1059",2000-12-23,-1.83530963081407
"1060",2000-12-30,-1.9836876690066
"1061",2001-01-01,-1.47905018418022
"1062",2001-01-08,-1.78665273352387
"1063",2001-01-15,-0.999788592589031
"1064",2001-01-22,-1.37116535280629
"1065",2001-01-29,-1.06234339020282
"1066",2001-02-05,-2.24334663818326
"1067",2001-02-12,-1.47996460803366
"1068",2001-02-19,-1.30755698858974
"1069",2001-02-26,-0.872556156959144
"1070",2001-03-05,-1.58456602491492
"1071",2001-03-12,-2.58634110520763
"1072",2001-03-19,-2.36681985816275
"1073",2001-03-26,-1.07508321951584
"1074",2001-04-02,-0.852701240354949
"1075",2001-04-09,0.283672223754309
"1076",2001-04-16,-0.126519679394501
"1077",2001-04-23,-0.237045986629328
"1078",2001-04-30,-1.28539056523956
"1079",2001-05-07,0.525508375728563
"1080",2001-05-14,-0.388197700513156
"1081",2001-05-21,-0.274653444074311
"1082",2001-05-28,-1.07209114273501
"1083",2001-06-04,-0.371352551580726
"1084",2001-06-11,-1.23616723601639
"1085",2001-06-18,0.468256673973353
"1086",2001-06-25,-0.403932865270079
"1087",2001-07-02,0.17371821030128
"1088",2001-07-09,-1.2536067377229
"1089",2001-07-16,-1.11264250370844
"1090",2001-07-23,-0.373394809294321
"1091",2001-07-30,-1.24865870008994
"1092",2001-08-06,-1.65830218399786
"1093",2001-08-13,-0.876227493521757
"1094",2001-08-20,-0.738957647980367
"1095",2001-08-27,-0.639054578157972
"1096",2001-09-03,0.180346651835979
"1097",2001-09-10,0.736666202809394
"1098",2001-09-17,-0.717096564893219
"1099",2001-09-24,-0.334977508090396
"1100",2001-10-01,-1.43335400284814
"1101",2001-10-08,-2.09437357536434
"1102",2001-10-15,-2.46870957894386
"1103",2001-10-22,-1.83600826061412
"1104",2001-10-29,-1.75057676818649
"1105",2001-11-05,-1.25299995147861
"1106",2001-11-12,-0.898545050768905
"1107",2001-11-19,-0.927874012052099
"1108",2001-11-26,-0.279383374178622
"1109",2001-12-03,-0.523356499712639
"1110",2001-12-10,-1.06621009914992
"1111",2001-12-17,-1.14925942149868
"1112",2001-12-24,-0.756318103700135
"1113",2001-12-31,-0.796791917320056
"1114",2002-01-01,-0.787249300461648
"1115",2002-01-08,-1.09136063984744
"1116",2002-01-15,-0.85012675726112
"1117",2002-01-22,-1.67362055151543
"1118",2002-01-29,-2.20863224040625
"1119",2002-02-05,-1.82349106207946
"1120",2002-02-12,-2.36236714717686
"1121",2002-02-19,-1.66233099474485
"1122",2002-02-26,-2.63792586801504
"1123",2002-03-05,-2.93916597473808
"1124",2002-03-12,-1.61982290729015
"1125",2002-03-19,-0.890910113750204
"1126",2002-03-26,-0.0563867448623955
"1127",2002-04-02,-0.172456558840671
"1128",2002-04-09,-0.109787995947448
"1129",2002-04-16,-0.78500595754604
"1130",2002-04-23,-0.177987843769125
"1131",2002-04-30,-1.19018926146885
"1132",2002-05-07,-1.51118862706692
"1133",2002-05-14,-1.73956788530085
"1134",2002-05-21,-1.23178520868154
"1135",2002-05-28,-0.294213742378174
"1136",2002-06-04,-0.691236540603081
"1137",2002-06-11,-0.842551369945097
"1138",2002-06-18,-2.4593168798382
"1139",2002-06-25,-1.03104127166354
"1140",2002-07-02,-1.50121861034195
"1141",2002-07-09,-1.63861828694351
"1142",2002-07-16,-0.672350794529629
"1143",2002-07-23,0.728208035019831
"1144",2002-07-30,0.0510469174665828
"1145",2002-08-06,0.347494171984127
"1146",2002-08-13,1.0198630075051
"1147",2002-08-20,0.687589647689872
"1148",2002-08-27,0.399935370597088
"1149",2002-09-03,-0.12716868541555
"1150",2002-09-10,1.2751833761636
"1151",2002-09-17,0.193269076355739
"1152",2002-09-24,0.788357060349276
"1153",2002-10-01,1.11218619899458
"1154",2002-10-08,0.327663465823045
"1155",2002-10-15,-0.248400521652473
"1156",2002-10-22,-0.673478011914724
"1157",2002-10-29,-0.0777819608926029
"1158",2002-11-05,1.30017683488805
"1159",2002-11-12,-1.31773050432926
"1160",2002-11-19,-1.63001686662627
"1161",2002-11-26,-1.31126600774588
"1162",2002-12-03,-0.0612746202987961
"1163",2002-12-10,0.488974413270428
"1164",2002-12-17,0.290563532017063
"1165",2002-12-24,0.185077420060506
"1166",2002-12-31,-1.84142194753912
"1167",2003-01-01,-0.832381145093615
"1168",2003-01-08,0.236104475315656
"1169",2003-01-15,-0.288167526719576
"1170",2003-01-22,-0.864617975870942
"1171",2003-01-29,0.102196868201874
"1172",2003-02-05,0.355419541156773
"1173",2003-02-12,-0.0491081079486524
"1174",2003-02-19,-0.155274188786171
"1175",2003-02-26,0.0320634130516678
"1176",2003-03-05,-0.0733307791958083
"1177",2003-03-12,0.0132599957757114
"1178",2003-03-19,-0.00991474741146356
"1179",2003-03-26,-0.902431725421532
"1180",2003-04-02,-0.300676195899045
"1181",2003-04-09,0.27466868169388
"1182",2003-04-16,0.0665764310485519
"1183",2003-04-23,-0.158909422798896
"1184",2003-04-30,-2.59033624237008
"1185",2003-05-07,-3.62559756908119
"1186",2003-05-14,-2.59130317534326
"1187",2003-05-21,-0.51977336532594
"1188",2003-05-28,-0.691984039087464
"1189",2003-06-04,-1.6847180098977
"1190",2003-06-11,-2.69135098385207
"1191",2003-06-18,-1.7346225218355
"1192",2003-06-25,-2.06070408042764
"1193",2003-07-02,-1.86450710268502
"1194",2003-07-09,-1.38395495330166
"1195",2003-07-16,-1.19791311604649
"1196",2003-07-23,-0.95444183074474
"1197",2003-07-30,-0.21496927369711
"1198",2003-08-06,-1.2173783297586
"1199",2003-08-13,-1.94862429076259
"1200",2003-08-20,-1.71790576183396
"1201",2003-08-27,-1.85371143564883
"1202",2003-09-03,-1.01684322970155
"1203",2003-09-10,1.19790011075295
"1204",2003-09-17,-0.305545017679215
"1205",2003-09-24,-0.996628863182806
"1206",2003-10-01,-1.49459085693132
"1207",2003-10-08,0.37873731239028
"1208",2003-10-15,0.792980736163045
"1209",2003-10-22,0.677402642699001
"1210",2003-10-29,-0.476126601762377
"1211",2003-11-05,0.7646361489077
"1212",2003-11-12,0.18395205563917
"1213",2003-11-19,-1.27949773136325
"1214",2003-11-26,-1.74930117017522
"1215",2003-12-03,-0.526870907356025
"1216",2003-12-10,-0.706759675105415
"1217",2003-12-17,-0.414508497697359
"1218",2003-12-24,0.199360130574835
"1219",2003-12-31,-1.05351162323663
"1220",2004-01-01,0.31554904490945
"1221",2004-01-08,0.0889149831980707
"1222",2004-01-15,-1.00788910361546
"1223",2004-01-22,0.302051717975347
"1224",2004-01-29,-0.0667271671137623
"1225",2004-02-05,-1.49228044113115
"1226",2004-02-12,-0.0590603436576764
"1227",2004-02-19,-0.0420899276517181
"1228",2004-02-26,-0.704737149400471
"1229",2004-03-04,0.160792694158587
"1230",2004-03-11,-0.441850716354491
"1231",2004-03-18,-2.37484717407294
"1232",2004-03-25,-0.410741467513146
"1233",2004-04-01,-0.822781774532701
"1234",2004-04-08,-1.25222747047766
"1235",2004-04-15,-0.631890442012074
"1236",2004-04-22,-0.39284275265606
"1237",2004-04-29,-0.926801975261991
"1238",2004-05-06,-0.185615170959074
"1239",2004-05-13,0.820703011496553
"1240",2004-05-20,0.186306834389344
"1241",2004-05-27,-0.420640006844592
"1242",2004-06-03,0.839257405090035
"1243",2004-06-10,-0.330262560134841
"1244",2004-06-17,0.164107282162499
"1245",2004-06-24,-0.303700201321833
"1246",2004-07-01,-1.11799685269736
"1247",2004-07-08,-1.18046462182708
"1248",2004-07-15,-0.475051146280117
"1249",2004-07-22,-0.205060167477906
"1250",2004-07-29,1.10933319293228
"1251",2004-08-05,0.606504664910692
"1252",2004-08-12,0.507846336790742
"1253",2004-08-19,-0.217904722145805
"1254",2004-08-26,-0.034662362352165
"1255",2004-09-02,-0.461152360185427
"1256",2004-09-09,-0.816861285921672
"1257",2004-09-16,-0.868306979575374
"1258",2004-09-23,-0.315738834845097
"1259",2004-09-30,-0.0872417982304754
"1260",2004-10-07,-0.340103427791449
"1261",2004-10-14,-0.672809255681561
"1262",2004-10-21,-1.67984987166551
"1263",2004-10-28,-2.38852958603295
"1264",2004-11-04,-0.871513724271482
"1265",2004-11-11,-0.957628782263012
"1266",2004-11-18,0.316341412292634
"1267",2004-11-25,-0.456282787686754
"1268",2004-12-02,-1.69517632636341
"1269",2004-12-09,-1.00825553643587
"1270",2004-12-16,-0.589131429890505
"1271",2004-12-23,-0.87410553613717
"1272",2004-12-30,-0.890811403346407
"1273",2005-01-01,-1.06175820453378
"1274",2005-01-08,-1.31219701095593
"1275",2005-01-15,-0.590003951297812
"1276",2005-01-22,-0.627493099865792
"1277",2005-01-29,-0.0514659984348709
"1278",2005-02-05,-0.539872816214676
"1279",2005-02-12,-0.481527321811473
"1280",2005-02-19,-0.217018499350847
"1281",2005-02-26,0.628856222576373
"1282",2005-03-05,0.609662234122825
"1283",2005-03-12,-0.785346346613087
"1284",2005-03-19,-0.55323446715399
"1285",2005-03-26,-0.536376556898751
"1286",2005-04-02,-0.305459482396888
"1287",2005-04-09,-1.3261201609811
"1288",2005-04-16,-0.672494087809555
"1289",2005-04-23,-0.221239829168685
"1290",2005-04-30,-0.685130930182932
"1291",2005-05-07,0.44049041588508
"1292",2005-05-14,-0.419929916159359
"1293",2005-05-21,-0.235145475621218
"1294",2005-05-28,-0.553236454286713
"1295",2005-06-04,0.985061399052985
"1296",2005-06-11,0.260290520726987
"1297",2005-06-18,-0.495538364785792
"1298",2005-06-25,-0.831140759701168
"1299",2005-07-02,0.937105039479008
"1300",2005-07-09,0.624870304726524
"1301",2005-07-16,-0.0113796172716492
"1302",2005-07-23,-0.211953359894804
"1303",2005-07-30,-0.917576431602888
"1304",2005-08-06,1.42683350252711
"1305",2005-08-13,0.81408439559327
"1306",2005-08-20,0.846949112631424
"1307",2005-08-27,-0.238704741419218
"1308",2005-09-03,0.0780231287291581
"1309",2005-09-10,-0.569667838764955
"1310",2005-09-17,0.443537929221576
"1311",2005-09-24,0.119714782471467
"1312",2005-10-01,-0.102427479605736
"1313",2005-10-08,0.27401613674485
"1314",2005-10-15,0.577451483456885
"1315",2005-10-22,-1.24673408910498
"1316",2005-10-29,-0.246820483847883
"1317",2005-11-05,-0.783129883569943
"1318",2005-11-12,-0.817460168869285
"1319",2005-11-19,0.679357771449881
"1320",2005-11-26,-1.03230282768008
"1321",2005-12-03,-0.980984034609933
"1322",2005-12-10,-0.14682475091657
"1323",2005-12-17,0.169074993635182
"1324",2005-12-24,-0.755614847191985
"1325",2005-12-31,-0.474495234170825
"1326",2006-01-01,-0.874682970563443
"1327",2006-01-08,0.216385059651246
"1328",2006-01-15,0.106642683329275
"1329",2006-01-22,0.0694181845221484
"1330",2006-01-29,-0.140839468045683
"1331",2006-02-05,-0.00906505216772308
"1332",2006-02-12,0.0364861792772526
"1333",2006-02-19,-0.98899968081059
"1334",2006-02-26,0.173102059451587
"1335",2006-03-05,0.283314390541913
"1336",2006-03-12,0.69366179049235
"1337",2006-03-19,-0.226081302706929
"1338",2006-03-26,-1.23077997437303
"1339",2006-04-02,-0.453274087898967
"1340",2006-04-09,-0.103903889715925
"1341",2006-04-16,-1.00311293830241
"1342",2006-04-23,-0.454820767344258
"1343",2006-04-30,0.27385358286627
"1344",2006-05-07,0.542730912447031
"1345",2006-05-14,-0.508564272266015
"1346",2006-05-21,-1.90288959286492
"1347",2006-05-28,-1.28567355409122
"1348",2006-06-04,0.56169456239117
"1349",2006-06-11,0.763754042905199
"1350",2006-06-18,-1.0672782894142
"1351",2006-06-25,-1.53306309216873
"1352",2006-07-02,0.641933616102236
"1353",2006-07-09,0.0194535428033388
"1354",2006-07-16,-0.313266519468882
"1355",2006-07-23,-1.17829040979584
"1356",2006-07-30,-0.87723485224728
"1357",2006-08-06,0.722135935773311
"1358",2006-08-13,-0.489749834917438
"1359",2006-08-20,-0.591153271468121
"1360",2006-08-27,1.07227213160479
"1361",2006-09-03,-0.86998725788306
"1362",2006-09-10,-1.12896279730491
"1363",2006-09-17,-0.224593717945714
"1364",2006-09-24,-0.170538442954972
"1365",2006-10-01,-1.01519738519553
"1366",2006-10-08,0.00431828849617379
"1367",2006-10-15,0.249916302553413
"1368",2006-10-22,-1.59665268150008
"1369",2006-10-29,0.584071574672671
"1370",2006-11-05,0.436587963196751
"1371",2006-11-12,-0.44297145153282
"1372",2006-11-19,-1.44008431367464
"1373",2006-11-26,-1.2646118209095
"1374",2006-12-03,-1.68119655103014
"1375",2006-12-10,-1.53035124594624
"1376",2006-12-17,-1.01346301154748
"1377",2006-12-24,-0.80334753607392
"1378",2006-12-31,-0.987729093151298
"1379",2007-01-01,-1.14258159975758
"1380",2007-01-08,-1.92703420817889
"1381",2007-01-15,-2.47758642598693
"1382",2007-01-22,-2.44747869239331
"1383",2007-01-29,-1.22299090428378
"1384",2007-02-05,-1.79670424976678
"1385",2007-02-12,-1.57606220152275
"1386",2007-02-19,-0.844729393836314
"1387",2007-02-26,-1.13464465390359
"1388",2007-03-05,-1.3653321819128
"1389",2007-03-12,-1.94370668104438
"1390",2007-03-19,-0.94735759088037
"1391",2007-03-26,-0.148457531409582
"1392",2007-04-02,-0.666220904508227
"1393",2007-04-09,-1.78607324223113
"1394",2007-04-16,-2.24439578223207
"1395",2007-04-23,-2.41574043342693
"1396",2007-04-30,-1.63091164185622
"1397",2007-05-07,-2.33587664713655
"1398",2007-05-14,-2.00592629520296
"1399",2007-05-21,-0.670217044382665
"1400",2007-05-28,-0.4888251862152
"1401",2007-06-04,-0.305364036747857
"1402",2007-06-11,-0.888358015618064
"1403",2007-06-18,-2.1414504817866
"1404",2007-06-25,-2.2095875934135
"1405",2007-07-02,-2.18408667788169
"1406",2007-07-09,-1.74803467167513
"1407",2007-07-16,-3.08035603940712
"1408",2007-07-23,-3.13161044286563
"1409",2007-07-30,-1.3166837619027
"1410",2007-08-06,0.525617339200254
"1411",2007-08-13,-0.593884018398458
"1412",2007-08-20,-1.86853735919761
"1413",2007-08-27,-0.925180179641377
"1414",2007-09-03,1.20865168077401
"1415",2007-09-10,0.894146620748464
"1416",2007-09-17,0.212367552899917
"1417",2007-09-24,-0.94630269730644
"1418",2007-10-01,-1.49521441332192
"1419",2007-10-08,-0.416106809453379
"1420",2007-10-15,-0.0200488235552789
"1421",2007-10-22,0.396970362822915
"1422",2007-10-29,-0.45595155219216
"1423",2007-11-05,1.39491018107358
"1424",2007-11-12,0.858235094595576
"1425",2007-11-19,0.798752492714735
"1426",2007-11-26,0.212455944684404
"1427",2007-12-03,-0.354873843090455
"1428",2007-12-10,0.136225550656151
"1429",2007-12-17,0.205359547207664
"1430",2007-12-24,-0.0279921060065026
"1431",2007-12-31,-0.219264992811421
"1432",2008-01-01,-0.108345062962411
"1433",2008-01-08,-0.170156127034687
"1434",2008-01-15,-0.944057725380678
"1435",2008-01-22,-0.970287478329659
"1436",2008-01-29,-0.732498706132977
"1437",2008-02-05,-0.632522576351316
"1438",2008-02-12,-0.413774788705255
"1439",2008-02-19,-1.2225335078323
"1440",2008-02-26,-2.30028454798043
"1441",2008-03-04,-1.47479908871379
"1442",2008-03-11,-1.78233233463481
"1443",2008-03-18,-0.88935290929237
"1444",2008-03-25,-0.381106797792472
"1445",2008-04-01,-0.0340152954747416
"1446",2008-04-08,-1.4635864325095
"1447",2008-04-15,-0.861032996519827
"1448",2008-04-22,-0.0336644972363378
"1449",2008-04-29,-0.000569793888583235
"1450",2008-05-06,0.47393103960903
"1451",2008-05-13,-0.910384296725587
"1452",2008-05-20,-1.03629980237742
"1453",2008-05-27,-2.20715163010244
"1454",2008-06-03,-0.573424647072841
"1455",2008-06-10,-0.161043747920587
"1456",2008-06-17,-1.2782938443606
"1457",2008-06-24,-2.04644109659777
"1458",2008-07-01,-1.80531165532955
"1459",2008-07-08,-2.12532149594963
"1460",2008-07-15,-1.34420184012955
"1461",2008-07-22,0.838622880360357
"1462",2008-07-29,-0.44915110903958
"1463",2008-08-05,-1.22731791408229
"1464",2008-08-12,-1.68159751957357
"1465",2008-08-19,-1.94005160148497
"1466",2008-08-26,-1.45983638471941
"1467",2008-09-02,-2.61604108961679
"1468",2008-09-09,-1.63539247523543
"1469",2008-09-16,1.4630292456618
"1470",2008-09-23,1.44228112054947
"1471",2008-09-30,0.358985206420436
"1472",2008-10-07,-0.226957619207101
"1473",2008-10-14,-1.02037085823813
"1474",2008-10-21,-1.18566536344108
"1475",2008-10-28,-2.19816645042222
"1476",2008-11-04,-2.31837614671625
"1477",2008-11-11,-2.32986420033704
"1478",2008-11-18,-0.83590154627167
"1479",2008-11-25,-0.628237581092914
"1480",2008-12-02,-2.17078311108844
"1481",2008-12-09,-0.803242113266004
"1482",2008-12-16,-1.66962008290429
"1483",2008-12-23,-0.135017451503447
"1484",2008-12-30,-0.495696172328717
"1485",2009-01-01,-0.328449850158097
"1486",2009-01-08,-0.389434216489106
"1487",2009-01-15,-0.960419984499138
"1488",2009-01-22,-2.57723770680511
"1489",2009-01-29,-0.957180201034142
"1490",2009-02-05,-2.03645535714974
"1491",2009-02-12,-0.0597722086755126
"1492",2009-02-19,0.00844083183967631
"1493",2009-02-26,-0.160783037722944
"1494",2009-03-05,-0.736660850586961
"1495",2009-03-12,0.0410358198143158
"1496",2009-03-19,0.526015215345369
"1497",2009-03-26,-0.556792487188294
"1498",2009-04-02,-1.22702974813063
"1499",2009-04-09,-1.14167929722123
"1500",2009-04-16,-1.5230419153666
"1501",2009-04-23,-0.521944319967219
"1502",2009-04-30,0.0063297096747454
"1503",2009-05-07,-1.17564560509981
"1504",2009-05-14,-1.96606448216846
"1505",2009-05-21,-2.70506985212802
"1506",2009-05-28,-0.973214810266314
"1507",2009-06-04,-1.53686028040197
"1508",2009-06-11,-2.25392798856829
"1509",2009-06-18,-1.2470699682556
"1510",2009-06-25,0.697929306870408
"1511",2009-07-02,0.106377537130337
"1512",2009-07-09,0.436877675011803
"1513",2009-07-16,-0.617531041893209
"1514",2009-07-23,-1.33749478862749
"1515",2009-07-30,-1.77633241624313
"1516",2009-08-06,0.315111872648061
"1517",2009-08-13,-0.304434109896502
"1518",2009-08-20,-0.831787877869978
"1519",2009-08-27,-1.08315991260129
"1520",2009-09-03,-0.424263371317264
"1521",2009-09-10,-0.101368436447217
"1522",2009-09-17,-0.203535008541896
"1523",2009-09-24,-1.54308594801953
"1524",2009-10-01,-0.809129816922422
"1525",2009-10-08,-1.05826910934366
"1526",2009-10-15,1.33833970211127
"1527",2009-10-22,-0.930235312663538
"1528",2009-10-29,1.37640919916865
"1529",2009-11-05,-0.809501410255049
"1530",2009-11-12,-0.3099304384886
"1531",2009-11-19,-1.14227890914698
"1532",2009-11-26,-1.80788654506176
"1533",2009-12-03,-1.35556254326063
"1534",2009-12-10,-0.106939780155808
"1535",2009-12-17,0.163749814850529
"1536",2009-12-24,-1.79306421664839
"1537",2009-12-31,-3.07409839088677
"1538",2010-01-01,-1.16920022176078
"1539",2010-01-08,-1.62354793013267
"1540",2010-01-15,-0.0600385255593367
"1541",2010-01-22,-0.29388390437263
"1542",2010-01-29,-0.00513883098622619
"1543",2010-02-05,0.080791985636038
"1544",2010-02-12,-0.492074122820325
"1545",2010-02-19,-1.12043305811993
"1546",2010-02-26,-0.966692688685147
"1547",2010-03-05,0.427411872486263
"1548",2010-03-12,0.343674255705878
"1549",2010-03-19,-1.4798153206367
"1550",2010-03-26,-1.09742051224712
"1551",2010-04-02,-0.569114463272273
"1552",2010-04-09,-0.329630519173279
"1553",2010-04-16,-0.616465441236355
"1554",2010-04-23,-0.472489553040885
"1555",2010-04-30,-1.58276200327258
"1556",2010-05-07,-1.22728185007183
"1557",2010-05-14,0.475110952075573
"1558",2010-05-21,0.102485038651826
"1559",2010-05-28,-0.349076359320561
"1560",2010-06-04,-0.382589651321609
"1561",2010-06-11,-2.28829082805159
"1562",2010-06-18,0.539227160989514
"1563",2010-06-25,0.964601625998467
"1564",2010-07-02,0.630243527458162
"1565",2010-07-09,-0.262408563737856
"1566",2010-07-16,-0.805230148209751
"1567",2010-07-23,0.678562176083907
"1568",2010-07-30,-0.111112007475986
"1569",2010-08-06,-0.523262942721086
"1570",2010-08-13,-1.42249548656378
"1571",2010-08-20,-1.28866351802478
"1572",2010-08-27,-0.801638955546529
"1573",2010-09-03,-0.0775711390514136
"1574",2010-09-10,0.071332155374854
"1575",2010-09-17,-0.750958101890223
"1576",2010-09-24,-0.535769223762433
"1577",2010-10-01,0.667740884837275
"1578",2010-10-08,0.967859479279011
"1579",2010-10-15,-0.182551900355874
"1580",2010-10-22,1.03731254307256
"1581",2010-10-29,0.877569010945821
"1582",2010-11-05,-1.94107904868661
"1583",2010-11-12,-1.74785296575054
"1584",2010-11-19,-1.22271275430415
"1585",2010-11-26,-1.76840346988708
"1586",2010-12-03,-1.26068138592608
"1587",2010-12-10,0.184352144319252
"1588",2010-12-17,-0.2537195273887
"1589",2010-12-24,-0.185510707324482
"1590",2010-12-31,0.169345575512618
"1591",2011-01-01,0.010031822263044
"1592",2011-01-08,-1.1842575028364
"1593",2011-01-15,-1.1271020008661
"1594",2011-01-22,0.00792237616164184
"1595",2011-01-29,-0.109818258153879
"1596",2011-02-05,-0.860346633795573
"1597",2011-02-12,-0.798694838778587
"1598",2011-02-19,0.337728948274652
"1599",2011-02-26,0.10714751417633
"1600",2011-03-05,0.303592780013625
"1601",2011-03-12,-1.45866877471168
"1602",2011-03-19,-0.302940834831048
"1603",2011-03-26,-0.926181225402268
"1604",2011-04-02,-0.763904868532281
"1605",2011-04-09,-0.422378617228596
"1606",2011-04-16,-0.184804396666893
"1607",2011-04-23,-0.710272315619504
"1608",2011-04-30,0.605588674264199
"1609",2011-05-07,0.779746402665115
"1610",2011-05-14,-0.155669260273928
"1611",2011-05-21,-0.844355803415664
"1612",2011-05-28,-0.783662328708352
"1613",2011-06-04,-0.921998805479063
"1614",2011-06-11,0.136212612957614
"1615",2011-06-18,-1.30698595949383
"1616",2011-06-25,-0.640528397796307
"1617",2011-07-02,0.449269018379376
"1618",2011-07-09,-1.79053456613252
"1619",2011-07-16,-1.15626862320623
"1620",2011-07-23,0.0906359623201265
"1621",2011-07-30,0.263719534482494
"1622",2011-08-06,0.0108046075261921
"1623",2011-08-13,-0.597550295012002
"1624",2011-08-20,-1.58661836405595
"1625",2011-08-27,-2.01438574404996
"1626",2011-09-03,-2.12264522289169
"1627",2011-09-10,-2.57159075432081
"1628",2011-09-17,-2.0139856121332
"1629",2011-09-24,-2.05647575128019
"1630",2011-10-01,-2.96071401691842
"1631",2011-10-08,0.318416787281658
"1632",2011-10-15,0.693909260167213
"1633",2011-10-22,-0.0296748172089997
"1634",2011-10-29,-0.922584380443534
"1635",2011-11-05,-1.59762138559559
"1636",2011-11-12,-1.6726125911496
"1637",2011-11-19,-2.49213906743522
"1638",2011-11-26,-3.10352689013898
"1639",2011-12-03,-2.47597095910003
"1640",2011-12-10,-2.3588010828269
"1641",2011-12-17,-0.970176326441423
"1642",2011-12-24,-0.786008366517588
"1643",2011-12-31,-0.797853335493282
"1644",2012-01-01,-0.859203340444425
"1645",2012-01-08,-0.536702060862014
"1646",2012-01-15,-0.649492240808634
"1647",2012-01-22,-0.395541483149696
"1648",2012-01-29,-0.726475000312399
"1649",2012-02-05,-0.475878182752214
"1650",2012-02-12,-0.680053021543436
"1651",2012-02-19,-0.381002146701762
"1652",2012-02-26,0.261482859302365
"1653",2012-03-04,0.109121227756252
"1654",2012-03-11,-0.0240776002657895
"1655",2012-03-18,-1.88014011530513
"1656",2012-03-25,-1.3694922791296
"1657",2012-04-01,-1.20819014054364
"1658",2012-04-08,-0.0477064010555796
"1659",2012-04-15,-0.299459512073338
"1660",2012-04-22,-0.92511908278607
"1661",2012-04-29,-2.01445883551041
"1662",2012-05-06,-1.75669173961753
"1663",2012-05-13,0.949930142386286
"1664",2012-05-20,0.550239697875605
"1665",2012-05-27,0.630051331376627
"1666",2012-06-03,-0.588865567190847
"1667",2012-06-10,-1.44233969939288
"1668",2012-06-17,-2.80816659829105
"1669",2012-06-24,-1.9374515881231
"1670",2012-07-01,-2.92445044264608
"1671",2012-07-08,-3.13846483750608
"1672",2012-07-15,-2.6018824507217
"1673",2012-07-22,-1.89022235195019
"1674",2012-07-29,-1.53277619887047
"1675",2012-08-05,-2.2156644590811
"1676",2012-08-12,-0.758825327818754
"1677",2012-08-19,-2.3400475116706
"1678",2012-08-26,-1.91113562594009
"1679",2012-09-02,-2.75077153662567
"1680",2012-09-09,-2.35119157590125
"1681",2012-09-16,-0.305387053264402
"1682",2012-09-23,-2.24885219889156
"1683",2012-09-30,-3.16437986227876
"1684",2012-10-07,-2.95590171663773
"1685",2012-10-14,-2.24299213645652
"1686",2012-10-21,-2.40268691751925
"1687",2012-10-28,-0.652384819745359
"1688",2012-11-04,-0.443754424963037
"1689",2012-11-11,-0.809615409506439
"1690",2012-11-18,-1.32582696212016
"1691",2012-11-25,-2.03098495201268
"1692",2012-12-02,-0.187316405114697
"1693",2012-12-09,-0.193712437271534
"1694",2012-12-16,0.00477069437958754
"1695",2012-12-23,-0.288518296467037
"1696",2012-12-30,0.0534718820871905
"1697",2013-01-01,-0.445756303043079
"1698",2013-01-08,-0.145206150644716
"1699",2013-01-15,-1.34491997213318
"1700",2013-01-22,-0.77639481747894
"1701",2013-01-29,-0.870412513595004
"1702",2013-02-05,-0.574830645621502
"1703",2013-02-12,-0.55024565267395
"1704",2013-02-19,-0.292470397607255
"1705",2013-02-26,-0.0191967010853847
"1706",2013-03-05,-1.37398498567021
"1707",2013-03-12,-0.0098633512727319
"1708",2013-03-19,0.0450940748700754
"1709",2013-03-26,0.324787239498422
"1710",2013-04-02,-0.0749576636978257
"1711",2013-04-09,-0.268757151509117
"1712",2013-04-16,-0.802134995940813
"1713",2013-04-23,-2.35166267758197
"1714",2013-04-30,-3.17801295877153
"1715",2013-05-07,-1.99166390871877
"1716",2013-05-14,-1.54388941478088
"1717",2013-05-21,-0.860570246901828
"1718",2013-05-28,-0.781369183765409
"1719",2013-06-04,-0.132806065257425
"1720",2013-06-11,-0.138350606652757
"1721",2013-06-18,-1.91360645824219
"1722",2013-06-25,-0.036568165489276
"1723",2013-07-02,-0.0899658848552142
"1724",2013-07-09,-0.039331166719532
"1725",2013-07-16,-0.501446404309402
"1726",2013-07-23,-1.49570098647554
"1727",2013-07-30,-1.50139585491326
"1728",2013-08-06,-2.32298206581382
"1729",2013-08-13,-1.7029599404502
"1730",2013-08-20,-1.48895133541566
"1731",2013-08-27,-0.147027490143053
"1732",2013-09-03,-1.26140660639038
"1733",2013-09-10,-0.382209414746622
"1734",2013-09-17,0.129446087091019
"1735",2013-09-24,-1.1084612419443
"1736",2013-10-01,1.63941327224613
"1737",2013-10-08,-0.944207843043455
"1738",2013-10-15,-0.372303938216445
"1739",2013-10-22,-1.21542957002454
"1740",2013-10-29,-2.00826802694361
"1741",2013-11-05,-1.18526072859879
"1742",2013-11-12,-0.66922342960839
"1743",2013-11-19,-1.22626676723579
"1744",2013-11-26,0.343590503776123
"1745",2013-12-03,-0.0750108455858395
"1746",2013-12-10,-0.529646430658629
"1747",2013-12-17,-0.8134350443197
"1748",2013-12-24,-1.19414571063715
"1749",2013-12-31,-1.20895912754845
"1750",2014-01-01,-1.61872039999451
"1751",2014-01-08,-1.87672758414233
"1752",2014-01-15,-2.38471475278642
"1753",2014-01-22,-0.726927820692406
"1754",2014-01-29,-0.49694287487256
"1755",2014-02-05,-1.21244870173374
"1756",2014-02-12,-1.97748548241816
"1757",2014-02-19,-1.43170910863819
"1758",2014-02-26,-0.635378397269397
"1759",2014-03-05,-0.379100030927047
"1760",2014-03-12,-1.50311566504522
"1761",2014-03-19,-2.01829412706762
"1762",2014-03-26,-1.06407256452443
"1763",2014-04-02,-1.61787305235026
"1764",2014-04-09,-0.160442715824188
"1765",2014-04-16,0.156438758734055
"1766",2014-04-23,-0.247800989518844
"1767",2014-04-30,0.971405622808328
"1768",2014-05-07,0.0665346617879475
"1769",2014-05-14,0.978694165650363
"1770",2014-05-21,-0.863792091747499
"1771",2014-05-28,0.493357911107314
"1772",2014-06-04,-0.348848176450519
"1773",2014-06-11,-0.227652273127017
"1774",2014-06-18,1.04714149424829
"1775",2014-06-25,0.227674554975563
"1776",2014-07-02,-0.181276531631036
"1777",2014-07-09,0.405441847593905
"1778",2014-07-16,0.446013027233382
"1779",2014-07-23,0.505007958408407
"1780",2014-07-30,0.299985458206366
"1781",2014-08-06,0.0906908621837102
"1782",2014-08-13,-0.0900267579024105
"1783",2014-08-20,0.13899536207481
"1784",2014-08-27,-0.176964065118141
"1785",2014-09-03,-0.0091389569401378
"1786",2014-09-10,-0.0728415214394367
"1787",2014-09-17,-0.0111158389908309
"1788",2014-09-24,0.986387620953494
"1789",2014-10-01,0.181542516785608
"1790",2014-10-08,-0.86660076836398
"1791",2014-10-15,-1.45277630984872
"1792",2014-10-22,1.50551079683973
"1793",2014-10-29,1.11979128763398
"1794",2014-11-05,-0.474646322474245
"1795",2014-11-12,-0.785917286881817
"1796",2014-11-19,0.159193453868699
"1797",2014-11-26,-0.00253312638452793
"1798",2014-12-03,-0.832904529275534
"1799",2014-12-10,-0.33156871337969
"1800",2014-12-17,-1.47809756249597
"1801",2014-12-24,-0.0588375738039194
"1802",2014-12-31,0.337348284208926
"1803",2015-01-01,0.246808427896236
"1804",2015-01-08,0.0389437093114307
"1805",2015-01-15,-1.04691516047797
"1806",2015-01-22,-1.69953949781054
"1807",2015-01-29,-1.02048705010579
"1808",2015-02-05,0.0314419904438925
"1809",2015-02-12,0.0742159114983822
"1810",2015-02-19,-0.331440715357575
"1811",2015-02-26,-0.900648287017506
"1812",2015-03-05,0.311625087704689
"1813",2015-03-12,0.00503102252764561
"1814",2015-03-19,0.0768188686729374
"1815",2015-03-26,-0.504861380411273
"1816",2015-04-02,0.810402272482625
"1817",2015-04-09,-0.352515307144146
"1818",2015-04-16,-0.765732106761213
"1819",2015-04-23,-0.804378158127368
"1820",2015-04-30,-0.794943953701499
"1821",2015-05-07,-0.852349237135827
"1822",2015-05-14,-1.48930910865358
"1823",2015-05-21,-1.05986213059555
"1824",2015-05-28,-1.01979000444806
"1825",2015-06-04,-1.59872917953527
"1826",2015-06-11,-1.60593692249126
"1827",2015-06-18,0.690632766779592
"1828",2015-06-25,0.75845521441177
"1829",2015-07-02,-0.421084526163171
"1830",2015-07-09,-0.89370383957671
"1831",2015-07-16,-2.07958900021743
"1832",2015-07-23,-2.1911235003756
"1833",2015-07-30,-1.42222018130083
"1834",2015-08-06,-1.6701414905647
"1835",2015-08-13,-1.11103407665187
"1836",2015-08-20,1.0630498068655
"1837",2015-08-27,-1.48977924342636
"1838",2015-09-03,-1.8034173361971
"1839",2015-09-10,0.117348149097601
"1840",2015-09-17,-1.59269835013951
"1841",2015-09-24,-0.00837485598788902
"1842",2015-10-01,-0.0676270349018777
"1843",2015-10-08,0.267081412887412
"1844",2015-10-15,-0.54424123702111
"1845",2015-10-22,1.02885836155344
"1846",2015-10-29,0.600056193273778
"1847",2015-11-05,-0.522334750387657
"1848",2015-11-12,-1.57036037566904
"1849",2015-11-19,-1.63584532314561
"1850",2015-11-26,-0.395402062705315
"1851",2015-12-03,-0.647420455143267
"1852",2015-12-10,-0.927956017035292
"1853",2015-12-17,-1.46696802288356
"1854",2015-12-24,-1.57981075657948
"1855",2015-12-31,-1.21559473350364
"1856",2016-01-01,-0.519051103520726
"1857",2016-01-08,-1.7331827837425
"1858",2016-01-15,0.40247799504787
"1859",2016-01-22,-0.113445108435529
"1860",2016-01-29,-2.11491190124377
"1861",2016-02-05,-0.908215619763046
"1862",2016-02-12,-3.04554602703515
"1863",2016-02-19,-1.39648287652573
"1864",2016-02-26,-1.39664708076291
"1865",2016-03-04,-1.21015316923775
"1866",2016-03-11,-0.0892889169045428
"1867",2016-03-18,-0.362943078609218
"1868",2016-03-25,-0.0514702886642312
"1869",2016-04-01,-2.46077315059876
"1870",2016-04-08,-1.62319130885584
"1871",2016-04-15,-2.12446086647894
"1872",2016-04-22,-0.0683331666475718
"1873",2016-04-29,0.992877588209144
"1874",2016-05-06,0.399100727097551
"1875",2016-05-13,0.6734685994636
"1876",2016-05-20,0.481093532610375
"1877",2016-05-27,-1.01370499279359
"1878",2016-06-03,0.316648054555438
"1879",2016-06-10,0.370695068420512
"1880",2016-06-17,-1.54154849764524
"1881",2016-06-24,-0.942950085436671
"1882",2016-07-01,-0.446794906454683
"1883",2016-07-08,-1.2238557758225
"1884",2016-07-15,0.127189137279336
"1885",2016-07-22,-0.774910312790914
"1886",2016-07-29,-0.702416737847915
"1887",2016-08-05,-0.555215520674109
"1888",2016-08-12,0.468387067483225
"1889",2016-08-19,0.276731042435796
"1890",2016-08-26,-0.301232703975557
"1891",2016-09-02,-0.627486673660617
"1892",2016-09-09,-0.771881567386299
"1893",2016-09-16,-0.427785409014016
"1894",2016-09-23,0.0980975020187666
"1895",2016-09-30,-0.840890978007287
"1896",2016-10-07,0.554032420377004
"1897",2016-10-14,0.42863187603205
"1898",2016-10-21,-0.255053078922468
"1899",2016-10-28,0.515024277835932
"1900",2016-11-04,-0.180297385330883
"1901",2016-11-11,1.0165882247694
"1902",2016-11-18,-0.516819022466602
"1903",2016-11-25,-0.400307541812032
"1904",2016-12-02,-0.417749685589025
"1905",2016-12-09,-0.956081406457864
"1906",2016-12-16,-1.04842863612398
"1907",2016-12-23,-1.00411605742013
"1908",2016-12-30,-0.889502064682564
"1909",2017-01-01,-0.616446360660702
"1910",2017-01-08,-0.545946164137047
"1911",2017-01-15,-0.326971046108184
"1912",2017-01-22,-0.698877147732404
"1913",2017-01-29,-0.569200645319434
"1914",2017-02-05,-0.532793505133947
"1915",2017-02-12,-0.249726449172921
"1916",2017-02-19,-0.683133258507316
"1917",2017-02-26,-1.28814853140167
"1918",2017-03-05,-1.2332915279069
"1919",2017-03-12,-0.326634894676691
"1920",2017-03-19,-2.05606123065955
"1921",2017-03-26,-1.36563316735995
"1922",2017-04-02,-1.23435258844997
"1923",2017-04-09,-1.54984438928991
"1924",2017-04-16,0.152766515906942
"1925",2017-04-23,-0.337322175446436
"1926",2017-04-30,-0.634751018674995
"1927",2017-05-07,-0.0855503487323479
"1928",2017-05-14,-0.442505915800138
"1929",2017-05-21,0.336039658091868
"1930",2017-05-28,-0.702091644367626
"1931",2017-06-04,-0.303099502463646
"1932",2017-06-11,-0.426553806011775
"1933",2017-06-18,-0.302887066161921
"1934",2017-06-25,-2.1961980417963
"1935",2017-07-02,-0.432578761185281
"1936",2017-07-09,-1.41055090180572
"1937",2017-07-16,0.182336047035242
"1938",2017-07-23,-0.0049195528361971
"1939",2017-07-30,-1.24324448064356
"1940",2017-08-06,-2.14124828815192
"1941",2017-08-13,-0.850704429089218
"1942",2017-08-20,-0.545922756886297
"1943",2017-08-27,-1.01779853968184
"1944",2017-09-03,-0.826298508639024
"1945",2017-09-10,-1.39807335345831
"1946",2017-09-17,-1.34743337374565
"1947",2017-09-24,-0.239779649768329
"1948",2017-10-01,-0.381394508406355
"1949",2017-10-08,-0.0475818837036339
"1950",2017-10-15,-1.94571340704461
"1951",2017-10-22,0.0935300915545816
"1952",2017-10-29,0.564746640877792
"1953",2017-11-05,0.0453883080479629
"1954",2017-11-12,-0.476286385212238
"1955",2017-11-19,0.137323719058413
"1956",2017-11-26,-0.318135799615442
"1957",2017-12-03,-0.121184967732076
"1958",2017-12-10,-1.36789144454792
"1959",2017-12-17,0.00113177764174004
"1960",2017-12-24,-0.86516614559555
"1961",2017-12-31,-0.346132442969275
"1962",2018-01-01,-1.3305242613081
"1963",2018-01-08,-1.15339603014622
"1964",2018-01-15,-0.257480912367645
"1965",2018-01-22,-0.155019032170672
"1966",2018-01-29,-1.58780282023341
"1967",2018-02-05,-0.866756198668721
"1968",2018-02-12,-0.329407622410402
"1969",2018-02-19,0.376386335426717
"1970",2018-02-26,0.478200975718362
"1971",2018-03-05,-0.708841578956393
"1972",2018-03-12,-1.57987155945405
"1973",2018-03-19,0.870173354996265
"1974",2018-03-26,-0.146552477202389
"1975",2018-04-02,-1.32485063386686
"1976",2018-04-09,-2.31926864899455
"1977",2018-04-16,-2.15146418609965
"1978",2018-04-23,-2.94058831383959
"1979",2018-04-30,-2.65196524718211
"1980",2018-05-07,-0.882068567467837
"1981",2018-05-14,-0.621598162139799
"1982",2018-05-21,-0.970211856722415
"1983",2018-05-28,-2.24794716184951
"1984",2018-06-04,-1.75327220357446
"1985",2018-06-11,-0.775607947949787
"1986",2018-06-18,0.573208826795774
"1987",2018-06-25,1.55992637369042
"1988",2018-07-02,0.372290840498481
"1989",2018-07-09,0.484653046136897
"1990",2018-07-16,0.233620364738956
"1991",2018-07-23,0.830996637209999
"1992",2018-07-30,0.431271895880543
"1993",2018-08-06,-0.0875701146247517
"1994",2018-08-13,-0.360383615231092
"1995",2018-08-20,-0.5097520448694
"1996",2018-08-27,-0.419963234411816
"1997",2018-09-03,-0.627892166364863
"1998",2018-09-10,-0.674286031511035
"1999",2018-09-17,-1.9341714663885
"2000",2018-09-24,-1.94342396563922
"2001",2018-10-01,-0.782580599730027
"2002",2018-10-08,-2.41349364037305
"2003",2018-10-15,-3.02184304365635
"2004",2018-10-22,-1.58819669531951
"2005",2018-10-29,-3.00245388410997
"2006",2018-11-05,-2.8390649963611
"2007",2018-11-12,-2.61541542684073
"2008",2018-11-19,-0.0417641719667459
"2009",2018-11-26,0.33798782685357
"2010",2018-12-03,-0.32583156207509
"2011",2018-12-10,-0.350353939152978
"2012",2018-12-17,-0.179629688148368
"2013",2018-12-24,-0.0771030237719996
"2014",2018-12-31,-0.653040050842416
"2015",2019-01-01,-0.056660637567658
"2016",2019-01-08,-0.188850819707604
"2017",2019-01-15,-0.354463824721772
"2018",2019-01-22,-0.859328918543634
"2019",2019-01-29,-1.48225708529152
"2020",2019-02-05,-0.792181706333985
"2021",2019-02-12,-0.415274171485973
"2022",2019-02-19,-0.145396895970673
"2023",2019-02-26,-0.561977297471677
"2024",2019-03-05,-2.18928913929292
"2025",2019-03-12,-0.888749599842426
"2026",2019-03-19,-1.58141261145162
"2027",2019-03-26,-1.73661764345386
"2028",2019-04-02,-2.17669424412182
"2029",2019-04-09,-0.00761756477072633
"2030",2019-04-16,0.0102845848138997
"2031",2019-04-23,-0.730767584306351
"2032",2019-04-30,0.304961375338897
"2033",2019-05-07,0.710450623368064
"2034",2019-05-14,0.350234523232179
"2035",2019-05-21,-0.0116952316631414
"2036",2019-05-28,-0.267524677342559
"2037",2019-06-04,-0.512341180427926
"2038",2019-06-11,-1.18929327196248
"2039",2019-06-18,-0.543287492881163
"2040",2019-06-25,-0.645569282895119
"2041",2019-07-02,-1.17383315219207
"2042",2019-07-09,1.07572196650216
"2043",2019-07-16,0.506620883477118
"2044",2019-07-23,-0.201314170223847
"2045",2019-07-30,0.433230199250982
"2046",2019-08-06,-0.888261803713347
"2047",2019-08-13,-0.623197142300637
"2048",2019-08-20,-1.43670749075851
"2049",2019-08-27,-1.88427166363561
"2050",2019-09-03,-2.16780464934782
"2051",2019-09-10,-1.94097672290056
"2052",2019-09-17,-2.06388083773706
"2053",2019-09-24,-1.22443567356616
"2054",2019-10-01,-0.575361650925383
"2055",2019-10-08,-1.15604169821801
"2056",2019-10-15,-2.78331729455605
"2057",2019-10-22,-3.25606190875104
"2058",2019-10-29,-1.79225666244203
"2059",2019-11-05,-1.39800036771892
"2060",2019-11-12,-1.69974743683669
"2061",2019-11-19,-1.06643284198727
"2062",2019-11-26,-0.873477296255598
"2063",2019-12-03,-0.368115999819133
"2064",2019-12-10,-1.23728313739163
"2065",2019-12-17,-2.66130774892187
"2066",2019-12-24,-0.364763189862306
"2067",2019-12-31,-0.435734399486789
"2068",2020-01-01,-0.681942426187429
"2069",2020-01-08,-0.836366423882765
"2070",2020-01-15,-1.11260766353629
"2071",2020-01-22,-1.90652403485842
"2072",2020-01-29,-2.31528458684174
"2073",2020-02-05,-0.627424197852487
"2074",2020-02-12,-1.1844744051769
"2075",2020-02-19,-0.780584206327188
"2076",2020-02-26,-1.1090775480804
"2077",2020-03-04,-1.02513755512917
"2078",2020-03-11,-1.03437046519119
"2079",2020-03-18,-0.826369612935901
"2080",2020-03-25,0.0686560107012057
"2081",2020-04-01,0.282218553891316
"2082",2020-04-08,-1.31233086278389
"2083",2020-04-15,-1.29790034657154
"2084",2020-04-22,-1.20539878928538
"2085",2020-04-29,-0.336117860695362
"2086",2020-05-06,-0.698424542585313
"2087",2020-05-13,-2.82030830268495
"2088",2020-05-20,-0.629161478859605
"2089",2020-05-27,0.393716890187294
"2090",2020-06-03,-0.49335101866299
"2091",2020-06-10,0.195879707763142
"2092",2020-06-17,0.943352548312893
"2093",2020-06-24,-0.31680320070756
"2094",2020-07-01,-0.558725472664936
"2095",2020-07-08,-0.0978294465807476
"2096",2020-07-15,0.26115832080057
"2097",2020-07-22,-0.0396819653671481
"2098",2020-07-29,-0.888037329602221
"2099",2020-08-05,-0.112304423894493
"2100",2020-08-12,0.0508546043749216
"2101",2020-08-19,0.219029328399938
"2102",2020-08-26,-0.75489521557193
"2103",2020-09-02,-1.17877782197273
"2104",2020-09-09,-2.00791096928675
"2105",2020-09-16,-2.33449594052769
"2106",2020-09-23,-1.59047842108624
"2107",2020-09-30,-1.32753553707159
"2108",2020-10-07,-0.900996948946986
"2109",2020-10-14,-0.116683967599175
"2110",2020-10-21,-0.435647486112997
"2111",2020-10-28,-0.357076533938137
"2112",2020-11-04,-0.355675985798785
"2113",2020-11-11,-1.01627348132283
"2114",2020-11-18,-1.15655668993464
"2115",2020-11-25,-1.87645202175553
"2116",2020-12-02,-1.28211321856706
"2117",2020-12-09,-1.00708937452047
"2118",2020-12-16,-1.25946354653608
"2119",2020-12-23,-1.65601219588653
"2120",2020-12-30,-3.06478600367863
"2121",2021-01-01,-1.94181880783937
"2122",2021-01-08,-0.741233204876428
"2123",2021-01-15,0.126894977402256
"2124",2021-01-22,-1.41416311185798
"2125",2021-01-29,-1.23460021814152
"2126",2021-02-05,-2.54799905036696
"2127",2021-02-12,0.0876120691949029
"2128",2021-02-19,-0.243882425253946
"2129",2021-02-26,-0.999245497219962
"2130",2021-03-05,-1.00677815418057
"2131",2021-03-12,-0.0723490231883808
"2132",2021-03-19,0.909942100571499
"2133",2021-03-26,-0.111927603326854
"2134",2021-04-02,0.232245444320842
"2135",2021-04-09,0.138482546702455
"2136",2021-04-16,0.504875345928676
"2137",2021-04-23,0.374156518687927
"2138",2021-04-30,-0.969280318765155
"2139",2021-05-07,-1.39113329516063
"2140",2021-05-14,-0.363458577988727
"2141",2021-05-21,-0.85279895910653
"2142",2021-05-28,-0.0917308993056169
"2143",2021-06-04,-0.573417912699107
"2144",2021-06-11,0.482725449613638
"2145",2021-06-18,-0.403963113482824
"2146",2021-06-25,-1.69475802780067
"2147",2021-07-02,-0.841411131778369
"2148",2021-07-09,-1.68226844475654
"2149",2021-07-16,-0.511539645460911
"2150",2021-07-23,-1.09481442261662
"2151",2021-07-30,-2.08088626172293
"2152",2021-08-06,-1.57599158123752
"2153",2021-08-13,-1.63065303214041
"2154",2021-08-20,-0.929561979649678
"2155",2021-08-27,0.576112622857681
"2156",2021-09-03,-0.605923894032277
"2157",2021-09-10,-1.23289905256589
"2158",2021-09-17,-1.07104981588098
"2159",2021-09-24,-1.65368053298947
"2160",2021-10-01,-1.43050540035787
"2161",2021-10-08,0.734580819039136
"2162",2021-10-15,0.665860432541393
"2163",2021-10-22,0.456727608282855
"2164",2021-10-29,-0.220492084546894
"2165",2021-11-05,-0.179539901019571
"2166",2021-11-12,-0.381294710949151
"2167",2021-11-19,-0.862701819477177
"2168",2021-11-26,-0.764050908937816
"2169",2021-12-03,-0.286863912738016
"2170",2021-12-10,-0.281214597943743
"2171",2021-12-17,0.0820110693211609
"2172",2021-12-24,-0.653110472127902
"2173",2021-12-31,-1.70156008399158
"2174",2022-01-01,-2.2222716451033
"2175",2022-01-08,0.00870403251045236
"2176",2022-01-15,-0.17560139728389
"2177",2022-01-22,-0.421313684260911
"2178",2022-01-29,-0.39919153628949
"2179",2022-02-05,-0.824537296764527
"2180",2022-02-12,-1.16326941090541
"2181",2022-02-19,-0.743231245019738
"2182",2022-02-26,-0.12512136491854
"2183",2022-03-05,0.0711709584189704
"2184",2022-03-12,-0.150944420381451
"2185",2022-03-19,-0.36595957418748
"2186",2022-03-26,-1.66119762066203
"2187",2022-04-02,-0.75888353929681
"2188",2022-04-09,-0.54188084689169
"2189",2022-04-16,0.00912910040617904
"2190",2022-04-23,-0.623981365463995
"2191",2022-04-30,0.218294219962262
"2192",2022-05-07,-1.23963490413362
"2193",2022-05-14,-1.44991397684161
"2194",2022-05-21,-2.33785234791683
"2195",2022-05-28,-2.04120350140845
"2196",2022-06-04,-1.81494475293418
"2197",2022-06-11,0.00309665662066314
"2198",2022-06-18,-0.99005786770577
"2199",2022-06-25,-1.5883600992285
"2200",2022-07-02,-1.30894132983187
"2201",2022-07-09,0.250866687551901
"2202",2022-07-16,-1.42472019746026
"2203",2022-07-23,-2.07034908012072
"2204",2022-07-30,-1.03711562005997
"2205",2022-08-06,-1.48411610015199
"2206",2022-08-13,-0.243301518281332
"2207",2022-08-20,0.507339110181809
"2208",2022-08-27,0.00385200953362056
"2209",2022-09-03,0.159392564441886
"2210",2022-09-10,-0.131892898318477
"2211",2022-09-17,0.835220254991695
"2212",2022-09-24,-0.380218899096346
"2213",2022-10-01,-0.257124218595554
"2214",2022-10-08,-1.4836440440588
"2215",2022-10-15,-1.18816584403735
"2216",2022-10-22,-2.24573122945556
"2217",2022-10-29,-2.83685189044954
"2218",2022-11-05,-1.70866138763396
"2219",2022-11-12,-1.11866819976823
"2220",2022-11-19,-0.824180468666873
"2221",2022-11-26,-0.193238466324372
"2222",2022-12-03,-0.96648065109711
"2223",2022-12-10,-1.47737081705748
"2224",2022-12-17,-0.940168778695162
"2225",2022-12-24,-1.29270599888531
"2226",2022-12-31,-2.30703666485007
"2227",2023-01-01,-2.29205831788723
"2228",2023-01-08,-1.23393739042489
"2229",2023-01-15,-2.23384394355929
"2230",2023-01-22,-1.3077000514145
"2231",2023-01-29,-0.336262630723097
"2232",2023-02-05,-0.430195657880817
"2233",2023-02-12,-0.741253089430993
"2234",2023-02-19,-1.55943803250166
"2235",2023-02-26,-0.887282532450016
"2236",2023-03-05,-1.31783092799781
"2237",2023-03-12,-0.679809458958857
"2238",2023-03-19,-1.30584237569672
"2239",2023-03-26,-0.643178156603967
"2240",2023-04-02,0.524426689231689
"2241",2023-04-09,0.161572385593314
"2242",2023-04-16,0.0691147668720697
"2243",2023-04-23,0.787003909096045
"2244",2023-04-30,0.58206096069686
"2245",2023-05-07,0.698585326229259
"2246",2023-05-14,0.20934340708818
"2247",2023-05-21,0.0601644267733176
"2248",2023-05-28,-0.0962921567952956
"2249",2023-06-04,-0.186439905751415
"2250",2023-06-11,0.519529005664089
"2251",2023-06-18,0.00780652036739336
"2252",2023-06-25,0.414491243414323
"2253",2023-07-02,0.129575379580319
"2254",2023-07-09,-0.81776752779472
"2255",2023-07-16,-1.71547346862601
"2256",2023-07-23,-0.883374912082449
"2257",2023-07-30,-0.91471795814423
"2258",2023-08-06,0.643829715237025
"2259",2023-08-13,-0.48869897139583
"2260",2023-08-20,-1.31765898656713
"2261",2023-08-27,-0.686358574373955
"2262",2023-09-03,-0.190822394325688
"2263",2023-09-10,-0.882151555702722
"2264",2023-09-17,-1.69993067836442
"2265",2023-09-24,-1.80758114745217
"2266",2023-10-01,-1.86417995384075
"2267",2023-10-08,-3.33637602091651
"2268",2023-10-15,-2.7475718931209
"2269",2023-10-22,-3.30000279496657
"2270",2023-10-29,-2.5332450340635
"2271",2023-11-05,-0.535640145184335
"2272",2023-11-12,-0.14856902490108
"2273",2023-11-19,-0.0950171018453796
"2274",2023-11-26,-0.233982928067222
"2275",2023-12-03,0.0125349245748524
"2276",2023-12-10,-0.748479396333725
"2277",2023-12-17,-0.929163514294324
"2278",2023-12-24,-1.54533099596225
"2279",2023-12-31,-2.03711938561402
